[2026/09/11 23:54:10.062, java.exe (PID: 20836, TID: 23364), JavaEnvironment.cpp:502 (JavaEnvironment::detect)]
	TRACE: Entering JavaEnvironment::detect
[2026/09/11 23:54:10.072, java.exe (PID: 20836, TID: 23364), JavaEnvironment.cpp:519 (JavaEnvironment::detect)]
	TRACE: Installed Java detected: version=1.8.0_401; arch=32; productCode={71024AE4-039E-4CA4-87B4-2F32180401F0}; type=0
[2026/09/11 23:54:10.073, java.exe (PID: 20836, TID: 23364), JavaEnvironment.cpp:519 (JavaEnvironment::detect)]
	TRACE: Installed Java detected: version=1.8.0_431; arch=64; productCode={71024AE4-039E-4CA4-87B4-2F64180431F0}; type=0
[2026/09/11 23:54:10.074, java.exe (PID: 20836, TID: 23364), JavaEnvironment.cpp:519 (JavaEnvironment::detect)]
	TRACE: Installed Java detected: version=1.8.0_231; arch=64; productCode={26A24AE4-039D-4CA4-87B4-2F64180231F0}; type=0
[2026/09/11 23:54:10.074, java.exe (PID: 20836, TID: 23364), JavaEnvironment.cpp:519 (JavaEnvironment::detect)]
	TRACE: Installed Java detected: version=1.8.0; arch=64; productCode={64A3A4F4-B792-11D6-A78A-00B0D0180191}; type=1
[2026/09/11 23:54:10.075, java.exe (PID: 20836, TID: 23364), JavaEnvironment.cpp:135 (`anonymous-namespace'::detectHomeDir)]
	TRACE: Find home dir of {64A3A4F4-B792-11D6-A78A-00B0D0180191} Java installation
[2026/09/11 23:54:10.075, java.exe (PID: 20836, TID: 23364), JavaEnvironment.cpp:302 (`anonymous-namespace'::detectFullVersion)]
	TRACE: Detect full version of {64A3A4F4-B792-11D6-A78A-00B0D0180191} Java installation
[2026/09/11 23:54:10.075, java.exe (PID: 20836, TID: 23364), JavaEnvironment.cpp:213 (`anonymous-namespace'::detectFullVersionFromMsi)]
	TRACE: detectFullVersionFromMsi({64A3A4F4-B792-11D6-A78A-00B0D0180191})
[2026/09/11 23:54:10.081, java.exe (PID: 20836, TID: 23364), JavaEnvironment.cpp:481 (`anonymous-namespace'::getInstalledJava)]
	TRACE: InstalledJava(1.8.0_191-b12|1.8.0_191-b12|JDK|64bit|C:\Program Files\Java\jdk1.8.0_191|{64A3A4F4-B792-11D6-A78A-00B0D0180191}|-10|)
[2026/09/11 23:54:10.114, java.exe (PID: 20836, TID: 23364), JavaEnvironment.cpp:519 (JavaEnvironment::detect)]
	TRACE: Installed Java detected: version=; arch=64; productCode={EA8EE85F-62FC-5C6C-A8C7-3D00FCEF5674}; type=1
[2026/09/11 23:54:10.114, java.exe (PID: 20836, TID: 23364), JavaEnvironment.cpp:135 (`anonymous-namespace'::detectHomeDir)]
	TRACE: Find home dir of {EA8EE85F-62FC-5C6C-A8C7-3D00FCEF5674} Java installation
[2026/09/11 23:54:10.115, java.exe (PID: 20836, TID: 23364), JavaEnvironment.cpp:302 (`anonymous-namespace'::detectFullVersion)]
	TRACE: Detect full version of {EA8EE85F-62FC-5C6C-A8C7-3D00FCEF5674} Java installation
[2026/09/11 23:54:10.115, java.exe (PID: 20836, TID: 23364), JavaEnvironment.cpp:213 (`anonymous-namespace'::detectFullVersionFromMsi)]
	TRACE: detectFullVersionFromMsi({EA8EE85F-62FC-5C6C-A8C7-3D00FCEF5674})
[2026/09/11 23:54:10.117, java.exe (PID: 20836, TID: 23364), JavaEnvironment.cpp:481 (`anonymous-namespace'::getInstalledJava)]
	TRACE: InstalledJava(11.0.28+12|11.0.28+12|JDK|64bit|C:\Program Files\Java\jdk-11|{EA8EE85F-62FC-5C6C-A8C7-3D00FCEF5674}|-10|)
[2026/09/11 23:54:10.118, java.exe (PID: 20836, TID: 23364), JavaEnvironment.cpp:519 (JavaEnvironment::detect)]
	TRACE: Installed Java detected: version=; arch=64; productCode={606493F9-D1F1-5355-BB8A-F0E30F1AFFED}; type=1
[2026/09/11 23:54:10.118, java.exe (PID: 20836, TID: 23364), JavaEnvironment.cpp:135 (`anonymous-namespace'::detectHomeDir)]
	TRACE: Find home dir of {606493F9-D1F1-5355-BB8A-F0E30F1AFFED} Java installation
[2026/09/11 23:54:10.118, java.exe (PID: 20836, TID: 23364), JavaEnvironment.cpp:302 (`anonymous-namespace'::detectFullVersion)]
	TRACE: Detect full version of {606493F9-D1F1-5355-BB8A-F0E30F1AFFED} Java installation
[2026/09/11 23:54:10.119, java.exe (PID: 20836, TID: 23364), JavaEnvironment.cpp:213 (`anonymous-namespace'::detectFullVersionFromMsi)]
	TRACE: detectFullVersionFromMsi({606493F9-D1F1-5355-BB8A-F0E30F1AFFED})
[2026/09/11 23:54:10.121, java.exe (PID: 20836, TID: 23364), JavaEnvironment.cpp:481 (`anonymous-namespace'::getInstalledJava)]
	TRACE: InstalledJava(13.0.2+8|13.0.2+8|JDK|64bit|C:\Program Files\Java\jdk-13.0.2|{606493F9-D1F1-5355-BB8A-F0E30F1AFFED}|-10|)
[2026/09/11 23:54:10.121, java.exe (PID: 20836, TID: 23364), JavaEnvironment.cpp:519 (JavaEnvironment::detect)]
	TRACE: Installed Java detected: version=; arch=64; productCode={E04E5624-3CF1-5E84-A439-4D8FAAA05C79}; type=1
[2026/09/11 23:54:10.121, java.exe (PID: 20836, TID: 23364), JavaEnvironment.cpp:135 (`anonymous-namespace'::detectHomeDir)]
	TRACE: Find home dir of {E04E5624-3CF1-5E84-A439-4D8FAAA05C79} Java installation
[2026/09/11 23:54:10.149, java.exe (PID: 20836, TID: 23364), JavaEnvironment.cpp:302 (`anonymous-namespace'::detectFullVersion)]
	TRACE: Detect full version of {E04E5624-3CF1-5E84-A439-4D8FAAA05C79} Java installation
[2026/09/11 23:54:10.149, java.exe (PID: 20836, TID: 23364), JavaEnvironment.cpp:213 (`anonymous-namespace'::detectFullVersionFromMsi)]
	TRACE: detectFullVersionFromMsi({E04E5624-3CF1-5E84-A439-4D8FAAA05C79})
[2026/09/11 23:54:10.152, java.exe (PID: 20836, TID: 23364), JavaEnvironment.cpp:481 (`anonymous-namespace'::getInstalledJava)]
	TRACE: InstalledJava(15+36|15+36|JDK|64bit|C:\Program Files\Java\jdk-15|{E04E5624-3CF1-5E84-A439-4D8FAAA05C79}|-10|)
[2026/09/11 23:54:10.178, java.exe (PID: 20836, TID: 23364), JavaEnvironment.cpp:519 (JavaEnvironment::detect)]
	TRACE: Installed Java detected: version=; arch=64; productCode={DA08718E-972A-58E7-AE7E-C45114C82E13}; type=1
[2026/09/11 23:54:10.178, java.exe (PID: 20836, TID: 23364), JavaEnvironment.cpp:135 (`anonymous-namespace'::detectHomeDir)]
	TRACE: Find home dir of {DA08718E-972A-58E7-AE7E-C45114C82E13} Java installation
[2026/09/11 23:54:10.179, java.exe (PID: 20836, TID: 23364), JavaEnvironment.cpp:302 (`anonymous-namespace'::detectFullVersion)]
	TRACE: Detect full version of {DA08718E-972A-58E7-AE7E-C45114C82E13} Java installation
[2026/09/11 23:54:10.199, java.exe (PID: 20836, TID: 23364), JavaEnvironment.cpp:213 (`anonymous-namespace'::detectFullVersionFromMsi)]
	TRACE: detectFullVersionFromMsi({DA08718E-972A-58E7-AE7E-C45114C82E13})
[2026/09/11 23:54:10.201, java.exe (PID: 20836, TID: 23364), JavaEnvironment.cpp:481 (`anonymous-namespace'::getInstalledJava)]
	TRACE: InstalledJava(17.0.12+8|17.0.12+8|JDK|64bit|C:\Program Files\Java\jdk-17|{DA08718E-972A-58E7-AE7E-C45114C82E13}|-10|)
[2026/09/11 23:54:10.217, java.exe (PID: 20836, TID: 23364), JavaEnvironment.cpp:519 (JavaEnvironment::detect)]
	TRACE: Installed Java detected: version=; arch=64; productCode={D2D0311F-1C55-57CC-95CC-F973FA7660D4}; type=1
[2026/09/11 23:54:10.245, java.exe (PID: 20836, TID: 23364), JavaEnvironment.cpp:135 (`anonymous-namespace'::detectHomeDir)]
	TRACE: Find home dir of {D2D0311F-1C55-57CC-95CC-F973FA7660D4} Java installation
[2026/09/11 23:54:10.245, java.exe (PID: 20836, TID: 23364), JavaEnvironment.cpp:302 (`anonymous-namespace'::detectFullVersion)]
	TRACE: Detect full version of {D2D0311F-1C55-57CC-95CC-F973FA7660D4} Java installation
[2026/09/11 23:54:10.246, java.exe (PID: 20836, TID: 23364), JavaEnvironment.cpp:213 (`anonymous-namespace'::detectFullVersionFromMsi)]
	TRACE: detectFullVersionFromMsi({D2D0311F-1C55-57CC-95CC-F973FA7660D4})
[2026/09/11 23:54:10.284, java.exe (PID: 20836, TID: 23364), JavaEnvironment.cpp:481 (`anonymous-namespace'::getInstalledJava)]
	TRACE: InstalledJava(20.0.2+9|20.0.2+9|JDK|64bit|C:\Program Files\Java\jdk-20|{D2D0311F-1C55-57CC-95CC-F973FA7660D4}|-10|)
[2026/09/11 23:54:10.321, java.exe (PID: 20836, TID: 23364), JavaEnvironment.cpp:519 (JavaEnvironment::detect)]
	TRACE: Installed Java detected: version=; arch=64; productCode={75B0E1AE-DC20-5AC0-A358-61B0256DADBE}; type=1
[2026/09/11 23:54:10.321, java.exe (PID: 20836, TID: 23364), JavaEnvironment.cpp:135 (`anonymous-namespace'::detectHomeDir)]
	TRACE: Find home dir of {75B0E1AE-DC20-5AC0-A358-61B0256DADBE} Java installation
[2026/09/11 23:54:10.321, java.exe (PID: 20836, TID: 23364), JavaEnvironment.cpp:302 (`anonymous-namespace'::detectFullVersion)]
	TRACE: Detect full version of {75B0E1AE-DC20-5AC0-A358-61B0256DADBE} Java installation
[2026/09/11 23:54:10.350, java.exe (PID: 20836, TID: 23364), JavaEnvironment.cpp:213 (`anonymous-namespace'::detectFullVersionFromMsi)]
	TRACE: detectFullVersionFromMsi({75B0E1AE-DC20-5AC0-A358-61B0256DADBE})
[2026/09/11 23:54:10.352, java.exe (PID: 20836, TID: 23364), JavaEnvironment.cpp:481 (`anonymous-namespace'::getInstalledJava)]
	TRACE: InstalledJava(21.0.1+12|21.0.1+12|JDK|64bit|C:\Program Files\Java\jdk-21|{75B0E1AE-DC20-5AC0-A358-61B0256DADBE}|-10|)
[2026/09/11 23:54:10.380, java.exe (PID: 20836, TID: 23364), JavaEnvironment.cpp:519 (JavaEnvironment::detect)]
	TRACE: Installed Java detected: version=; arch=64; productCode={1927BA5F-6CD9-5F60-BBB8-B6A654F98621}; type=1
[2026/09/11 23:54:10.380, java.exe (PID: 20836, TID: 23364), JavaEnvironment.cpp:135 (`anonymous-namespace'::detectHomeDir)]
	TRACE: Find home dir of {1927BA5F-6CD9-5F60-BBB8-B6A654F98621} Java installation
[2026/09/11 23:54:10.381, java.exe (PID: 20836, TID: 23364), JavaEnvironment.cpp:302 (`anonymous-namespace'::detectFullVersion)]
	TRACE: Detect full version of {1927BA5F-6CD9-5F60-BBB8-B6A654F98621} Java installation
[2026/09/11 23:54:10.407, java.exe (PID: 20836, TID: 23364), JavaEnvironment.cpp:213 (`anonymous-namespace'::detectFullVersionFromMsi)]
	TRACE: detectFullVersionFromMsi({1927BA5F-6CD9-5F60-BBB8-B6A654F98621})
[2026/09/11 23:54:10.410, java.exe (PID: 20836, TID: 23364), JavaEnvironment.cpp:481 (`anonymous-namespace'::getInstalledJava)]
	TRACE: InstalledJava(24.0.2+12|24.0.2+12|JDK|64bit|C:\Program Files\Java\jdk-24|{1927BA5F-6CD9-5F60-BBB8-B6A654F98621}|-10|)
[2026/09/11 23:54:10.435, java.exe (PID: 20836, TID: 23364), JavaEnvironment.cpp:519 (JavaEnvironment::detect)]
	TRACE: Installed Java detected: version=; arch=64; productCode={F60B1927-3BC4-51C5-A978-B3F712E0CEEB}; type=1
[2026/09/11 23:54:10.438, java.exe (PID: 20836, TID: 23364), JavaEnvironment.cpp:135 (`anonymous-namespace'::detectHomeDir)]
	TRACE: Find home dir of {F60B1927-3BC4-51C5-A978-B3F712E0CEEB} Java installation
[2026/09/11 23:54:10.439, java.exe (PID: 20836, TID: 23364), JavaEnvironment.cpp:302 (`anonymous-namespace'::detectFullVersion)]
	TRACE: Detect full version of {F60B1927-3BC4-51C5-A978-B3F712E0CEEB} Java installation
[2026/09/11 23:54:10.439, java.exe (PID: 20836, TID: 23364), JavaEnvironment.cpp:213 (`anonymous-namespace'::detectFullVersionFromMsi)]
	TRACE: detectFullVersionFromMsi({F60B1927-3BC4-51C5-A978-B3F712E0CEEB})
[2026/09/11 23:54:10.441, java.exe (PID: 20836, TID: 23364), JavaEnvironment.cpp:481 (`anonymous-namespace'::getInstalledJava)]
	TRACE: InstalledJava(25.0.4+7|25.0.4+7|JDK|64bit|C:\Program Files\Java\jdk-25.0.4|{F60B1927-3BC4-51C5-A978-B3F712E0CEEB}|-10|)
[2026/09/11 23:54:10.443, java.exe (PID: 20836, TID: 23364), JavaEnvironment.cpp:0 (JavaEnvironment::detect)]
	TRACE: Exiting JavaEnvironment::detect (entered at JavaEnvironment.cpp:502)
[2026/09/11 23:54:10.464, java.exe (PID: 20836, TID: 23364), Executor.cpp:706 (Executor2::startProcess)]
	TRACE: CreateProcess(C:\Program Files\Java\jdk-25.0.4\bin\java.exe, "C:\Program Files\Java\jdk-25.0.4\bin\java.exe" -version) succeeded; PID=4280
[2026/09/11 23:54:10.649, java.exe (PID: 20836, TID: 23364), Executor.cpp:667 (Executor2::execAndWait)]
	TRACE: Process with PID=4280 terminated. Exit code=0
[2026/09/11 23:54:10.691, java.exe (PID: 23792, TID: 17808), JavaEnvironment.cpp:502 (JavaEnvironment::detect)]
	TRACE: Entering JavaEnvironment::detect
[2026/09/11 23:54:10.699, java.exe (PID: 23792, TID: 17808), JavaEnvironment.cpp:519 (JavaEnvironment::detect)]
	TRACE: Installed Java detected: version=1.8.0_401; arch=32; productCode={71024AE4-039E-4CA4-87B4-2F32180401F0}; type=0
[2026/09/11 23:54:10.700, java.exe (PID: 23792, TID: 17808), JavaEnvironment.cpp:519 (JavaEnvironment::detect)]
	TRACE: Installed Java detected: version=1.8.0_431; arch=64; productCode={71024AE4-039E-4CA4-87B4-2F64180431F0}; type=0
[2026/09/11 23:54:10.700, java.exe (PID: 23792, TID: 17808), JavaEnvironment.cpp:519 (JavaEnvironment::detect)]
	TRACE: Installed Java detected: version=1.8.0_231; arch=64; productCode={26A24AE4-039D-4CA4-87B4-2F64180231F0}; type=0
[2026/09/11 23:54:10.701, java.exe (PID: 23792, TID: 17808), JavaEnvironment.cpp:519 (JavaEnvironment::detect)]
	TRACE: Installed Java detected: version=1.8.0; arch=64; productCode={64A3A4F4-B792-11D6-A78A-00B0D0180191}; type=1
[2026/09/11 23:54:10.701, java.exe (PID: 23792, TID: 17808), JavaEnvironment.cpp:135 (`anonymous-namespace'::detectHomeDir)]
	TRACE: Find home dir of {64A3A4F4-B792-11D6-A78A-00B0D0180191} Java installation
[2026/09/11 23:54:10.701, java.exe (PID: 23792, TID: 17808), JavaEnvironment.cpp:302 (`anonymous-namespace'::detectFullVersion)]
	TRACE: Detect full version of {64A3A4F4-B792-11D6-A78A-00B0D0180191} Java installation
[2026/09/11 23:54:10.702, java.exe (PID: 23792, TID: 17808), JavaEnvironment.cpp:213 (`anonymous-namespace'::detectFullVersionFromMsi)]
	TRACE: detectFullVersionFromMsi({64A3A4F4-B792-11D6-A78A-00B0D0180191})
[2026/09/11 23:54:10.707, java.exe (PID: 23792, TID: 17808), JavaEnvironment.cpp:481 (`anonymous-namespace'::getInstalledJava)]
	TRACE: InstalledJava(1.8.0_191-b12|1.8.0_191-b12|JDK|64bit|C:\Program Files\Java\jdk1.8.0_191|{64A3A4F4-B792-11D6-A78A-00B0D0180191}|-10|)
[2026/09/11 23:54:10.730, java.exe (PID: 23792, TID: 17808), JavaEnvironment.cpp:519 (JavaEnvironment::detect)]
	TRACE: Installed Java detected: version=; arch=64; productCode={EA8EE85F-62FC-5C6C-A8C7-3D00FCEF5674}; type=1
[2026/09/11 23:54:10.730, java.exe (PID: 23792, TID: 17808), JavaEnvironment.cpp:135 (`anonymous-namespace'::detectHomeDir)]
	TRACE: Find home dir of {EA8EE85F-62FC-5C6C-A8C7-3D00FCEF5674} Java installation
[2026/09/11 23:54:10.730, java.exe (PID: 23792, TID: 17808), JavaEnvironment.cpp:302 (`anonymous-namespace'::detectFullVersion)]
	TRACE: Detect full version of {EA8EE85F-62FC-5C6C-A8C7-3D00FCEF5674} Java installation
[2026/09/11 23:54:10.730, java.exe (PID: 23792, TID: 17808), JavaEnvironment.cpp:213 (`anonymous-namespace'::detectFullVersionFromMsi)]
	TRACE: detectFullVersionFromMsi({EA8EE85F-62FC-5C6C-A8C7-3D00FCEF5674})
[2026/09/11 23:54:10.751, java.exe (PID: 23792, TID: 17808), JavaEnvironment.cpp:481 (`anonymous-namespace'::getInstalledJava)]
	TRACE: InstalledJava(11.0.28+12|11.0.28+12|JDK|64bit|C:\Program Files\Java\jdk-11|{EA8EE85F-62FC-5C6C-A8C7-3D00FCEF5674}|-10|)
[2026/09/11 23:54:10.752, java.exe (PID: 23792, TID: 17808), JavaEnvironment.cpp:519 (JavaEnvironment::detect)]
	TRACE: Installed Java detected: version=; arch=64; productCode={606493F9-D1F1-5355-BB8A-F0E30F1AFFED}; type=1
[2026/09/11 23:54:10.768, java.exe (PID: 23792, TID: 17808), JavaEnvironment.cpp:135 (`anonymous-namespace'::detectHomeDir)]
	TRACE: Find home dir of {606493F9-D1F1-5355-BB8A-F0E30F1AFFED} Java installation
[2026/09/11 23:54:10.769, java.exe (PID: 23792, TID: 17808), JavaEnvironment.cpp:302 (`anonymous-namespace'::detectFullVersion)]
	TRACE: Detect full version of {606493F9-D1F1-5355-BB8A-F0E30F1AFFED} Java installation
[2026/09/11 23:54:10.787, java.exe (PID: 23792, TID: 17808), JavaEnvironment.cpp:213 (`anonymous-namespace'::detectFullVersionFromMsi)]
	TRACE: detectFullVersionFromMsi({606493F9-D1F1-5355-BB8A-F0E30F1AFFED})
[2026/09/11 23:54:10.789, java.exe (PID: 23792, TID: 17808), JavaEnvironment.cpp:481 (`anonymous-namespace'::getInstalledJava)]
	TRACE: InstalledJava(13.0.2+8|13.0.2+8|JDK|64bit|C:\Program Files\Java\jdk-13.0.2|{606493F9-D1F1-5355-BB8A-F0E30F1AFFED}|-10|)
[2026/09/11 23:54:10.807, java.exe (PID: 23792, TID: 17808), JavaEnvironment.cpp:519 (JavaEnvironment::detect)]
	TRACE: Installed Java detected: version=; arch=64; productCode={E04E5624-3CF1-5E84-A439-4D8FAAA05C79}; type=1
[2026/09/11 23:54:10.807, java.exe (PID: 23792, TID: 17808), JavaEnvironment.cpp:135 (`anonymous-namespace'::detectHomeDir)]
	TRACE: Find home dir of {E04E5624-3CF1-5E84-A439-4D8FAAA05C79} Java installation
[2026/09/11 23:54:10.807, java.exe (PID: 23792, TID: 17808), JavaEnvironment.cpp:302 (`anonymous-namespace'::detectFullVersion)]
	TRACE: Detect full version of {E04E5624-3CF1-5E84-A439-4D8FAAA05C79} Java installation
[2026/09/11 23:54:10.828, java.exe (PID: 23792, TID: 17808), JavaEnvironment.cpp:213 (`anonymous-namespace'::detectFullVersionFromMsi)]
	TRACE: detectFullVersionFromMsi({E04E5624-3CF1-5E84-A439-4D8FAAA05C79})
[2026/09/11 23:54:10.831, java.exe (PID: 23792, TID: 17808), JavaEnvironment.cpp:481 (`anonymous-namespace'::getInstalledJava)]
	TRACE: InstalledJava(15+36|15+36|JDK|64bit|C:\Program Files\Java\jdk-15|{E04E5624-3CF1-5E84-A439-4D8FAAA05C79}|-10|)
[2026/09/11 23:54:10.855, java.exe (PID: 23792, TID: 17808), JavaEnvironment.cpp:519 (JavaEnvironment::detect)]
	TRACE: Installed Java detected: version=; arch=64; productCode={DA08718E-972A-58E7-AE7E-C45114C82E13}; type=1
[2026/09/11 23:54:10.883, java.exe (PID: 23792, TID: 17808), JavaEnvironment.cpp:135 (`anonymous-namespace'::detectHomeDir)]
	TRACE: Find home dir of {DA08718E-972A-58E7-AE7E-C45114C82E13} Java installation
[2026/09/11 23:54:10.884, java.exe (PID: 23792, TID: 17808), JavaEnvironment.cpp:302 (`anonymous-namespace'::detectFullVersion)]
	TRACE: Detect full version of {DA08718E-972A-58E7-AE7E-C45114C82E13} Java installation
[2026/09/11 23:54:10.884, java.exe (PID: 23792, TID: 17808), JavaEnvironment.cpp:213 (`anonymous-namespace'::detectFullVersionFromMsi)]
	TRACE: detectFullVersionFromMsi({DA08718E-972A-58E7-AE7E-C45114C82E13})
[2026/09/11 23:54:10.886, java.exe (PID: 23792, TID: 17808), JavaEnvironment.cpp:481 (`anonymous-namespace'::getInstalledJava)]
	TRACE: InstalledJava(17.0.12+8|17.0.12+8|JDK|64bit|C:\Program Files\Java\jdk-17|{DA08718E-972A-58E7-AE7E-C45114C82E13}|-10|)
[2026/09/11 23:54:10.886, java.exe (PID: 23792, TID: 17808), JavaEnvironment.cpp:519 (JavaEnvironment::detect)]
	TRACE: Installed Java detected: version=; arch=64; productCode={D2D0311F-1C55-57CC-95CC-F973FA7660D4}; type=1
[2026/09/11 23:54:10.886, java.exe (PID: 23792, TID: 17808), JavaEnvironment.cpp:135 (`anonymous-namespace'::detectHomeDir)]
	TRACE: Find home dir of {D2D0311F-1C55-57CC-95CC-F973FA7660D4} Java installation
[2026/09/11 23:54:10.887, java.exe (PID: 23792, TID: 17808), JavaEnvironment.cpp:302 (`anonymous-namespace'::detectFullVersion)]
	TRACE: Detect full version of {D2D0311F-1C55-57CC-95CC-F973FA7660D4} Java installation
[2026/09/11 23:54:10.887, java.exe (PID: 23792, TID: 17808), JavaEnvironment.cpp:213 (`anonymous-namespace'::detectFullVersionFromMsi)]
	TRACE: detectFullVersionFromMsi({D2D0311F-1C55-57CC-95CC-F973FA7660D4})
[2026/09/11 23:54:10.889, java.exe (PID: 23792, TID: 17808), JavaEnvironment.cpp:481 (`anonymous-namespace'::getInstalledJava)]
	TRACE: InstalledJava(20.0.2+9|20.0.2+9|JDK|64bit|C:\Program Files\Java\jdk-20|{D2D0311F-1C55-57CC-95CC-F973FA7660D4}|-10|)
[2026/09/11 23:54:10.889, java.exe (PID: 23792, TID: 17808), JavaEnvironment.cpp:519 (JavaEnvironment::detect)]
	TRACE: Installed Java detected: version=; arch=64; productCode={75B0E1AE-DC20-5AC0-A358-61B0256DADBE}; type=1
[2026/09/11 23:54:10.889, java.exe (PID: 23792, TID: 17808), JavaEnvironment.cpp:135 (`anonymous-namespace'::detectHomeDir)]
	TRACE: Find home dir of {75B0E1AE-DC20-5AC0-A358-61B0256DADBE} Java installation
[2026/09/11 23:54:10.890, java.exe (PID: 23792, TID: 17808), JavaEnvironment.cpp:302 (`anonymous-namespace'::detectFullVersion)]
	TRACE: Detect full version of {75B0E1AE-DC20-5AC0-A358-61B0256DADBE} Java installation
[2026/09/11 23:54:10.890, java.exe (PID: 23792, TID: 17808), JavaEnvironment.cpp:213 (`anonymous-namespace'::detectFullVersionFromMsi)]
	TRACE: detectFullVersionFromMsi({75B0E1AE-DC20-5AC0-A358-61B0256DADBE})
[2026/09/11 23:54:10.892, java.exe (PID: 23792, TID: 17808), JavaEnvironment.cpp:481 (`anonymous-namespace'::getInstalledJava)]
	TRACE: InstalledJava(21.0.1+12|21.0.1+12|JDK|64bit|C:\Program Files\Java\jdk-21|{75B0E1AE-DC20-5AC0-A358-61B0256DADBE}|-10|)
[2026/09/11 23:54:10.893, java.exe (PID: 23792, TID: 17808), JavaEnvironment.cpp:519 (JavaEnvironment::detect)]
	TRACE: Installed Java detected: version=; arch=64; productCode={1927BA5F-6CD9-5F60-BBB8-B6A654F98621}; type=1
[2026/09/11 23:54:10.921, java.exe (PID: 23792, TID: 17808), JavaEnvironment.cpp:135 (`anonymous-namespace'::detectHomeDir)]
	TRACE: Find home dir of {1927BA5F-6CD9-5F60-BBB8-B6A654F98621} Java installation
[2026/09/11 23:54:10.922, java.exe (PID: 23792, TID: 17808), JavaEnvironment.cpp:302 (`anonymous-namespace'::detectFullVersion)]
	TRACE: Detect full version of {1927BA5F-6CD9-5F60-BBB8-B6A654F98621} Java installation
[2026/09/11 23:54:10.949, java.exe (PID: 23792, TID: 17808), JavaEnvironment.cpp:213 (`anonymous-namespace'::detectFullVersionFromMsi)]
	TRACE: detectFullVersionFromMsi({1927BA5F-6CD9-5F60-BBB8-B6A654F98621})
[2026/09/11 23:54:10.952, java.exe (PID: 23792, TID: 17808), JavaEnvironment.cpp:481 (`anonymous-namespace'::getInstalledJava)]
	TRACE: InstalledJava(24.0.2+12|24.0.2+12|JDK|64bit|C:\Program Files\Java\jdk-24|{1927BA5F-6CD9-5F60-BBB8-B6A654F98621}|-10|)
[2026/09/11 23:54:10.969, java.exe (PID: 23792, TID: 17808), JavaEnvironment.cpp:519 (JavaEnvironment::detect)]
	TRACE: Installed Java detected: version=; arch=64; productCode={F60B1927-3BC4-51C5-A978-B3F712E0CEEB}; type=1
[2026/09/11 23:54:10.969, java.exe (PID: 23792, TID: 17808), JavaEnvironment.cpp:135 (`anonymous-namespace'::detectHomeDir)]
	TRACE: Find home dir of {F60B1927-3BC4-51C5-A978-B3F712E0CEEB} Java installation
[2026/09/11 23:54:10.970, java.exe (PID: 23792, TID: 17808), JavaEnvironment.cpp:302 (`anonymous-namespace'::detectFullVersion)]
	TRACE: Detect full version of {F60B1927-3BC4-51C5-A978-B3F712E0CEEB} Java installation
[2026/09/11 23:54:10.989, java.exe (PID: 23792, TID: 17808), JavaEnvironment.cpp:213 (`anonymous-namespace'::detectFullVersionFromMsi)]
	TRACE: detectFullVersionFromMsi({F60B1927-3BC4-51C5-A978-B3F712E0CEEB})
[2026/09/11 23:54:10.991, java.exe (PID: 23792, TID: 17808), JavaEnvironment.cpp:481 (`anonymous-namespace'::getInstalledJava)]
	TRACE: InstalledJava(25.0.4+7|25.0.4+7|JDK|64bit|C:\Program Files\Java\jdk-25.0.4|{F60B1927-3BC4-51C5-A978-B3F712E0CEEB}|-10|)
[2026/09/11 23:54:11.010, java.exe (PID: 23792, TID: 17808), JavaEnvironment.cpp:0 (JavaEnvironment::detect)]
	TRACE: Exiting JavaEnvironment::detect (entered at JavaEnvironment.cpp:502)
[2026/09/11 23:54:11.020, java.exe (PID: 23792, TID: 17808), Executor.cpp:706 (Executor2::startProcess)]
	TRACE: CreateProcess(C:\Program Files\Java\jdk-25.0.4\bin\java.exe, "C:\Program Files\Java\jdk-25.0.4\bin\java.exe" -Xmx64m -Xms64m -Dorg.gradle.appname=gradlew -jar C:\Users\alp\Desktop\Latitude-1.20.1-build\\gradle\wrapper\gradle-wrapper.jar test --tests com.example.globe.world.LatitudeJjThunderHybridContractTest --no-daemon) succeeded; PID=20504
[2026/09/11 23:54:11.891, java.exe (PID: 23792, TID: 17808), Executor.cpp:667 (Executor2::execAndWait)]
	TRACE: Process with PID=20504 terminated. Exit code=1
[2026/09/11 23:54:22.753, java.exe (PID: 6924, TID: 6768), JavaEnvironment.cpp:502 (JavaEnvironment::detect)]
	TRACE: Entering JavaEnvironment::detect
[2026/09/11 23:54:22.761, java.exe (PID: 6924, TID: 6768), JavaEnvironment.cpp:519 (JavaEnvironment::detect)]
	TRACE: Installed Java detected: version=1.8.0_401; arch=32; productCode={71024AE4-039E-4CA4-87B4-2F32180401F0}; type=0
[2026/09/11 23:54:22.791, java.exe (PID: 6924, TID: 6768), JavaEnvironment.cpp:519 (JavaEnvironment::detect)]
	TRACE: Installed Java detected: version=1.8.0_431; arch=64; productCode={71024AE4-039E-4CA4-87B4-2F64180431F0}; type=0
[2026/09/11 23:54:22.792, java.exe (PID: 6924, TID: 6768), JavaEnvironment.cpp:519 (JavaEnvironment::detect)]
	TRACE: Installed Java detected: version=1.8.0_231; arch=64; productCode={26A24AE4-039D-4CA4-87B4-2F64180231F0}; type=0
[2026/09/11 23:54:22.827, java.exe (PID: 6924, TID: 6768), JavaEnvironment.cpp:519 (JavaEnvironment::detect)]
	TRACE: Installed Java detected: version=1.8.0; arch=64; productCode={64A3A4F4-B792-11D6-A78A-00B0D0180191}; type=1
[2026/09/11 23:54:22.828, java.exe (PID: 6924, TID: 6768), JavaEnvironment.cpp:135 (`anonymous-namespace'::detectHomeDir)]
	TRACE: Find home dir of {64A3A4F4-B792-11D6-A78A-00B0D0180191} Java installation
[2026/09/11 23:54:22.828, java.exe (PID: 6924, TID: 6768), JavaEnvironment.cpp:302 (`anonymous-namespace'::detectFullVersion)]
	TRACE: Detect full version of {64A3A4F4-B792-11D6-A78A-00B0D0180191} Java installation
[2026/09/11 23:54:22.864, java.exe (PID: 6924, TID: 6768), JavaEnvironment.cpp:213 (`anonymous-namespace'::detectFullVersionFromMsi)]
	TRACE: detectFullVersionFromMsi({64A3A4F4-B792-11D6-A78A-00B0D0180191})
[2026/09/11 23:54:22.875, java.exe (PID: 6924, TID: 6768), JavaEnvironment.cpp:481 (`anonymous-namespace'::getInstalledJava)]
	TRACE: InstalledJava(1.8.0_191-b12|1.8.0_191-b12|JDK|64bit|C:\Program Files\Java\jdk1.8.0_191|{64A3A4F4-B792-11D6-A78A-00B0D0180191}|-10|)
[2026/09/11 23:54:22.917, java.exe (PID: 6924, TID: 6768), JavaEnvironment.cpp:519 (JavaEnvironment::detect)]
	TRACE: Installed Java detected: version=; arch=64; productCode={EA8EE85F-62FC-5C6C-A8C7-3D00FCEF5674}; type=1
[2026/09/11 23:54:22.917, java.exe (PID: 6924, TID: 6768), JavaEnvironment.cpp:135 (`anonymous-namespace'::detectHomeDir)]
	TRACE: Find home dir of {EA8EE85F-62FC-5C6C-A8C7-3D00FCEF5674} Java installation
[2026/09/11 23:54:22.918, java.exe (PID: 6924, TID: 6768), JavaEnvironment.cpp:302 (`anonymous-namespace'::detectFullVersion)]
	TRACE: Detect full version of {EA8EE85F-62FC-5C6C-A8C7-3D00FCEF5674} Java installation
[2026/09/11 23:54:22.939, java.exe (PID: 6924, TID: 6768), JavaEnvironment.cpp:213 (`anonymous-namespace'::detectFullVersionFromMsi)]
	TRACE: detectFullVersionFromMsi({EA8EE85F-62FC-5C6C-A8C7-3D00FCEF5674})
[2026/09/11 23:54:22.941, java.exe (PID: 6924, TID: 6768), JavaEnvironment.cpp:481 (`anonymous-namespace'::getInstalledJava)]
	TRACE: InstalledJava(11.0.28+12|11.0.28+12|JDK|64bit|C:\Program Files\Java\jdk-11|{EA8EE85F-62FC-5C6C-A8C7-3D00FCEF5674}|-10|)
[2026/09/11 23:54:22.965, java.exe (PID: 6924, TID: 6768), JavaEnvironment.cpp:519 (JavaEnvironment::detect)]
	TRACE: Installed Java detected: version=; arch=64; productCode={606493F9-D1F1-5355-BB8A-F0E30F1AFFED}; type=1
[2026/09/11 23:54:22.965, java.exe (PID: 6924, TID: 6768), JavaEnvironment.cpp:135 (`anonymous-namespace'::detectHomeDir)]
	TRACE: Find home dir of {606493F9-D1F1-5355-BB8A-F0E30F1AFFED} Java installation
[2026/09/11 23:54:22.966, java.exe (PID: 6924, TID: 6768), JavaEnvironment.cpp:302 (`anonymous-namespace'::detectFullVersion)]
	TRACE: Detect full version of {606493F9-D1F1-5355-BB8A-F0E30F1AFFED} Java installation
[2026/09/11 23:54:22.989, java.exe (PID: 6924, TID: 6768), JavaEnvironment.cpp:213 (`anonymous-namespace'::detectFullVersionFromMsi)]
	TRACE: detectFullVersionFromMsi({606493F9-D1F1-5355-BB8A-F0E30F1AFFED})
[2026/09/11 23:54:22.992, java.exe (PID: 6924, TID: 6768), JavaEnvironment.cpp:481 (`anonymous-namespace'::getInstalledJava)]
	TRACE: InstalledJava(13.0.2+8|13.0.2+8|JDK|64bit|C:\Program Files\Java\jdk-13.0.2|{606493F9-D1F1-5355-BB8A-F0E30F1AFFED}|-10|)
[2026/09/11 23:54:23.015, java.exe (PID: 6924, TID: 6768), JavaEnvironment.cpp:519 (JavaEnvironment::detect)]
	TRACE: Installed Java detected: version=; arch=64; productCode={E04E5624-3CF1-5E84-A439-4D8FAAA05C79}; type=1
[2026/09/11 23:54:23.016, java.exe (PID: 6924, TID: 6768), JavaEnvironment.cpp:135 (`anonymous-namespace'::detectHomeDir)]
	TRACE: Find home dir of {E04E5624-3CF1-5E84-A439-4D8FAAA05C79} Java installation
[2026/09/11 23:54:23.016, java.exe (PID: 6924, TID: 6768), JavaEnvironment.cpp:302 (`anonymous-namespace'::detectFullVersion)]
	TRACE: Detect full version of {E04E5624-3CF1-5E84-A439-4D8FAAA05C79} Java installation
[2026/09/11 23:54:23.065, java.exe (PID: 6924, TID: 6768), JavaEnvironment.cpp:213 (`anonymous-namespace'::detectFullVersionFromMsi)]
	TRACE: detectFullVersionFromMsi({E04E5624-3CF1-5E84-A439-4D8FAAA05C79})
[2026/09/11 23:54:23.067, java.exe (PID: 6924, TID: 6768), JavaEnvironment.cpp:481 (`anonymous-namespace'::getInstalledJava)]
	TRACE: InstalledJava(15+36|15+36|JDK|64bit|C:\Program Files\Java\jdk-15|{E04E5624-3CF1-5E84-A439-4D8FAAA05C79}|-10|)
[2026/09/11 23:54:23.116, java.exe (PID: 6924, TID: 6768), JavaEnvironment.cpp:519 (JavaEnvironment::detect)]
	TRACE: Installed Java detected: version=; arch=64; productCode={DA08718E-972A-58E7-AE7E-C45114C82E13}; type=1
[2026/09/11 23:54:23.152, java.exe (PID: 6924, TID: 6768), JavaEnvironment.cpp:135 (`anonymous-namespace'::detectHomeDir)]
	TRACE: Find home dir of {DA08718E-972A-58E7-AE7E-C45114C82E13} Java installation
[2026/09/11 23:54:23.153, java.exe (PID: 6924, TID: 6768), JavaEnvironment.cpp:302 (`anonymous-namespace'::detectFullVersion)]
	TRACE: Detect full version of {DA08718E-972A-58E7-AE7E-C45114C82E13} Java installation
[2026/09/11 23:54:23.190, java.exe (PID: 6924, TID: 6768), JavaEnvironment.cpp:213 (`anonymous-namespace'::detectFullVersionFromMsi)]
	TRACE: detectFullVersionFromMsi({DA08718E-972A-58E7-AE7E-C45114C82E13})
[2026/09/11 23:54:23.192, java.exe (PID: 6924, TID: 6768), JavaEnvironment.cpp:481 (`anonymous-namespace'::getInstalledJava)]
	TRACE: InstalledJava(17.0.12+8|17.0.12+8|JDK|64bit|C:\Program Files\Java\jdk-17|{DA08718E-972A-58E7-AE7E-C45114C82E13}|-10|)
[2026/09/11 23:54:23.227, java.exe (PID: 6924, TID: 6768), JavaEnvironment.cpp:519 (JavaEnvironment::detect)]
	TRACE: Installed Java detected: version=; arch=64; productCode={D2D0311F-1C55-57CC-95CC-F973FA7660D4}; type=1
[2026/09/11 23:54:23.228, java.exe (PID: 6924, TID: 6768), JavaEnvironment.cpp:135 (`anonymous-namespace'::detectHomeDir)]
	TRACE: Find home dir of {D2D0311F-1C55-57CC-95CC-F973FA7660D4} Java installation
[2026/09/11 23:54:23.228, java.exe (PID: 6924, TID: 6768), JavaEnvironment.cpp:302 (`anonymous-namespace'::detectFullVersion)]
	TRACE: Detect full version of {D2D0311F-1C55-57CC-95CC-F973FA7660D4} Java installation
[2026/09/11 23:54:23.265, java.exe (PID: 6924, TID: 6768), JavaEnvironment.cpp:213 (`anonymous-namespace'::detectFullVersionFromMsi)]
	TRACE: detectFullVersionFromMsi({D2D0311F-1C55-57CC-95CC-F973FA7660D4})
[2026/09/11 23:54:23.267, java.exe (PID: 6924, TID: 6768), JavaEnvironment.cpp:481 (`anonymous-namespace'::getInstalledJava)]
	TRACE: InstalledJava(20.0.2+9|20.0.2+9|JDK|64bit|C:\Program Files\Java\jdk-20|{D2D0311F-1C55-57CC-95CC-F973FA7660D4}|-10|)
[2026/09/11 23:54:23.290, java.exe (PID: 6924, TID: 6768), JavaEnvironment.cpp:519 (JavaEnvironment::detect)]
	TRACE: Installed Java detected: version=; arch=64; productCode={75B0E1AE-DC20-5AC0-A358-61B0256DADBE}; type=1
[2026/09/11 23:54:23.290, java.exe (PID: 6924, TID: 6768), JavaEnvironment.cpp:135 (`anonymous-namespace'::detectHomeDir)]
	TRACE: Find home dir of {75B0E1AE-DC20-5AC0-A358-61B0256DADBE} Java installation
[2026/09/11 23:54:23.291, java.exe (PID: 6924, TID: 6768), JavaEnvironment.cpp:302 (`anonymous-namespace'::detectFullVersion)]
	TRACE: Detect full version of {75B0E1AE-DC20-5AC0-A358-61B0256DADBE} Java installation
[2026/09/11 23:54:23.315, java.exe (PID: 6924, TID: 6768), JavaEnvironment.cpp:213 (`anonymous-namespace'::detectFullVersionFromMsi)]
	TRACE: detectFullVersionFromMsi({75B0E1AE-DC20-5AC0-A358-61B0256DADBE})
[2026/09/11 23:54:23.317, java.exe (PID: 6924, TID: 6768), JavaEnvironment.cpp:481 (`anonymous-namespace'::getInstalledJava)]
	TRACE: InstalledJava(21.0.1+12|21.0.1+12|JDK|64bit|C:\Program Files\Java\jdk-21|{75B0E1AE-DC20-5AC0-A358-61B0256DADBE}|-10|)
[2026/09/11 23:54:23.340, java.exe (PID: 6924, TID: 6768), JavaEnvironment.cpp:519 (JavaEnvironment::detect)]
	TRACE: Installed Java detected: version=; arch=64; productCode={1927BA5F-6CD9-5F60-BBB8-B6A654F98621}; type=1
[2026/09/11 23:54:23.341, java.exe (PID: 6924, TID: 6768), JavaEnvironment.cpp:135 (`anonymous-namespace'::detectHomeDir)]
	TRACE: Find home dir of {1927BA5F-6CD9-5F60-BBB8-B6A654F98621} Java installation
[2026/09/11 23:54:23.367, java.exe (PID: 6924, TID: 6768), JavaEnvironment.cpp:302 (`anonymous-namespace'::detectFullVersion)]
	TRACE: Detect full version of {1927BA5F-6CD9-5F60-BBB8-B6A654F98621} Java installation
[2026/09/11 23:54:23.367, java.exe (PID: 6924, TID: 6768), JavaEnvironment.cpp:213 (`anonymous-namespace'::detectFullVersionFromMsi)]
	TRACE: detectFullVersionFromMsi({1927BA5F-6CD9-5F60-BBB8-B6A654F98621})
[2026/09/11 23:54:23.393, java.exe (PID: 6924, TID: 6768), JavaEnvironment.cpp:481 (`anonymous-namespace'::getInstalledJava)]
	TRACE: InstalledJava(24.0.2+12|24.0.2+12|JDK|64bit|C:\Program Files\Java\jdk-24|{1927BA5F-6CD9-5F60-BBB8-B6A654F98621}|-10|)
[2026/09/11 23:54:23.394, java.exe (PID: 6924, TID: 6768), JavaEnvironment.cpp:519 (JavaEnvironment::detect)]
	TRACE: Installed Java detected: version=; arch=64; productCode={F60B1927-3BC4-51C5-A978-B3F712E0CEEB}; type=1
[2026/09/11 23:54:23.415, java.exe (PID: 6924, TID: 6768), JavaEnvironment.cpp:135 (`anonymous-namespace'::detectHomeDir)]
	TRACE: Find home dir of {F60B1927-3BC4-51C5-A978-B3F712E0CEEB} Java installation
[2026/09/11 23:54:23.415, java.exe (PID: 6924, TID: 6768), JavaEnvironment.cpp:302 (`anonymous-namespace'::detectFullVersion)]
	TRACE: Detect full version of {F60B1927-3BC4-51C5-A978-B3F712E0CEEB} Java installation
[2026/09/11 23:54:23.454, java.exe (PID: 6924, TID: 6768), JavaEnvironment.cpp:213 (`anonymous-namespace'::detectFullVersionFromMsi)]
	TRACE: detectFullVersionFromMsi({F60B1927-3BC4-51C5-A978-B3F712E0CEEB})
[2026/09/11 23:54:23.456, java.exe (PID: 6924, TID: 6768), JavaEnvironment.cpp:481 (`anonymous-namespace'::getInstalledJava)]
	TRACE: InstalledJava(25.0.4+7|25.0.4+7|JDK|64bit|C:\Program Files\Java\jdk-25.0.4|{F60B1927-3BC4-51C5-A978-B3F712E0CEEB}|-10|)
[2026/09/11 23:54:23.479, java.exe (PID: 6924, TID: 6768), JavaEnvironment.cpp:0 (JavaEnvironment::detect)]
	TRACE: Exiting JavaEnvironment::detect (entered at JavaEnvironment.cpp:502)
[2026/09/11 23:54:23.488, java.exe (PID: 6924, TID: 6768), Executor.cpp:706 (Executor2::startProcess)]
	TRACE: CreateProcess(C:\Program Files\Java\jdk-25.0.4\bin\java.exe, "C:\Program Files\Java\jdk-25.0.4\bin\java.exe" -version) succeeded; PID=21924
[2026/09/11 23:54:23.560, java.exe (PID: 6924, TID: 6768), Executor.cpp:667 (Executor2::execAndWait)]
	TRACE: Process with PID=21924 terminated. Exit code=0
[2026/09/11 23:55:28.983, java.exe (PID: 19184, TID: 22424), JavaEnvironment.cpp:502 (JavaEnvironment::detect)]
	TRACE: Entering JavaEnvironment::detect
[2026/09/11 23:55:28.989, java.exe (PID: 19184, TID: 22424), JavaEnvironment.cpp:519 (JavaEnvironment::detect)]
	TRACE: Installed Java detected: version=1.8.0_401; arch=32; productCode={71024AE4-039E-4CA4-87B4-2F32180401F0}; type=0
[2026/09/11 23:55:28.989, java.exe (PID: 19184, TID: 22424), JavaEnvironment.cpp:519 (JavaEnvironment::detect)]
	TRACE: Installed Java detected: version=1.8.0_431; arch=64; productCode={71024AE4-039E-4CA4-87B4-2F64180431F0}; type=0
[2026/09/11 23:55:28.990, java.exe (PID: 19184, TID: 22424), JavaEnvironment.cpp:519 (JavaEnvironment::detect)]
	TRACE: Installed Java detected: version=1.8.0_231; arch=64; productCode={26A24AE4-039D-4CA4-87B4-2F64180231F0}; type=0
[2026/09/11 23:55:28.990, java.exe (PID: 19184, TID: 22424), JavaEnvironment.cpp:519 (JavaEnvironment::detect)]
	TRACE: Installed Java detected: version=1.8.0; arch=64; productCode={64A3A4F4-B792-11D6-A78A-00B0D0180191}; type=1
[2026/09/11 23:55:28.990, java.exe (PID: 19184, TID: 22424), JavaEnvironment.cpp:135 (`anonymous-namespace'::detectHomeDir)]
	TRACE: Find home dir of {64A3A4F4-B792-11D6-A78A-00B0D0180191} Java installation
[2026/09/11 23:55:28.990, java.exe (PID: 19184, TID: 22424), JavaEnvironment.cpp:302 (`anonymous-namespace'::detectFullVersion)]
	TRACE: Detect full version of {64A3A4F4-B792-11D6-A78A-00B0D0180191} Java installation
[2026/09/11 23:55:28.991, java.exe (PID: 19184, TID: 22424), JavaEnvironment.cpp:213 (`anonymous-namespace'::detectFullVersionFromMsi)]
	TRACE: detectFullVersionFromMsi({64A3A4F4-B792-11D6-A78A-00B0D0180191})
[2026/09/11 23:55:28.995, java.exe (PID: 19184, TID: 22424), JavaEnvironment.cpp:481 (`anonymous-namespace'::getInstalledJava)]
	TRACE: InstalledJava(1.8.0_191-b12|1.8.0_191-b12|JDK|64bit|C:\Program Files\Java\jdk1.8.0_191|{64A3A4F4-B792-11D6-A78A-00B0D0180191}|-10|)
[2026/09/11 23:55:29.010, java.exe (PID: 19184, TID: 22424), JavaEnvironment.cpp:519 (JavaEnvironment::detect)]
	TRACE: Installed Java detected: version=; arch=64; productCode={EA8EE85F-62FC-5C6C-A8C7-3D00FCEF5674}; type=1
[2026/09/11 23:55:29.010, java.exe (PID: 19184, TID: 22424), JavaEnvironment.cpp:135 (`anonymous-namespace'::detectHomeDir)]
	TRACE: Find home dir of {EA8EE85F-62FC-5C6C-A8C7-3D00FCEF5674} Java installation
[2026/09/11 23:55:29.010, java.exe (PID: 19184, TID: 22424), JavaEnvironment.cpp:302 (`anonymous-namespace'::detectFullVersion)]
	TRACE: Detect full version of {EA8EE85F-62FC-5C6C-A8C7-3D00FCEF5674} Java installation
[2026/09/11 23:55:29.011, java.exe (PID: 19184, TID: 22424), JavaEnvironment.cpp:213 (`anonymous-namespace'::detectFullVersionFromMsi)]
	TRACE: detectFullVersionFromMsi({EA8EE85F-62FC-5C6C-A8C7-3D00FCEF5674})
[2026/09/11 23:55:29.012, java.exe (PID: 19184, TID: 22424), JavaEnvironment.cpp:481 (`anonymous-namespace'::getInstalledJava)]
	TRACE: InstalledJava(11.0.28+12|11.0.28+12|JDK|64bit|C:\Program Files\Java\jdk-11|{EA8EE85F-62FC-5C6C-A8C7-3D00FCEF5674}|-10|)
[2026/09/11 23:55:29.013, java.exe (PID: 19184, TID: 22424), JavaEnvironment.cpp:519 (JavaEnvironment::detect)]
	TRACE: Installed Java detected: version=; arch=64; productCode={606493F9-D1F1-5355-BB8A-F0E30F1AFFED}; type=1
[2026/09/11 23:55:29.013, java.exe (PID: 19184, TID: 22424), JavaEnvironment.cpp:135 (`anonymous-namespace'::detectHomeDir)]
	TRACE: Find home dir of {606493F9-D1F1-5355-BB8A-F0E30F1AFFED} Java installation
[2026/09/11 23:55:29.013, java.exe (PID: 19184, TID: 22424), JavaEnvironment.cpp:302 (`anonymous-namespace'::detectFullVersion)]
	TRACE: Detect full version of {606493F9-D1F1-5355-BB8A-F0E30F1AFFED} Java installation
[2026/09/11 23:55:29.013, java.exe (PID: 19184, TID: 22424), JavaEnvironment.cpp:213 (`anonymous-namespace'::detectFullVersionFromMsi)]
	TRACE: detectFullVersionFromMsi({606493F9-D1F1-5355-BB8A-F0E30F1AFFED})
[2026/09/11 23:55:29.015, java.exe (PID: 19184, TID: 22424), JavaEnvironment.cpp:481 (`anonymous-namespace'::getInstalledJava)]
	TRACE: InstalledJava(13.0.2+8|13.0.2+8|JDK|64bit|C:\Program Files\Java\jdk-13.0.2|{606493F9-D1F1-5355-BB8A-F0E30F1AFFED}|-10|)
[2026/09/11 23:55:29.016, java.exe (PID: 19184, TID: 22424), JavaEnvironment.cpp:519 (JavaEnvironment::detect)]
	TRACE: Installed Java detected: version=; arch=64; productCode={E04E5624-3CF1-5E84-A439-4D8FAAA05C79}; type=1
[2026/09/11 23:55:29.016, java.exe (PID: 19184, TID: 22424), JavaEnvironment.cpp:135 (`anonymous-namespace'::detectHomeDir)]
	TRACE: Find home dir of {E04E5624-3CF1-5E84-A439-4D8FAAA05C79} Java installation
[2026/09/11 23:55:29.016, java.exe (PID: 19184, TID: 22424), JavaEnvironment.cpp:302 (`anonymous-namespace'::detectFullVersion)]
	TRACE: Detect full version of {E04E5624-3CF1-5E84-A439-4D8FAAA05C79} Java installation
[2026/09/11 23:55:29.016, java.exe (PID: 19184, TID: 22424), JavaEnvironment.cpp:213 (`anonymous-namespace'::detectFullVersionFromMsi)]
	TRACE: detectFullVersionFromMsi({E04E5624-3CF1-5E84-A439-4D8FAAA05C79})
[2026/09/11 23:55:29.018, java.exe (PID: 19184, TID: 22424), JavaEnvironment.cpp:481 (`anonymous-namespace'::getInstalledJava)]
	TRACE: InstalledJava(15+36|15+36|JDK|64bit|C:\Program Files\Java\jdk-15|{E04E5624-3CF1-5E84-A439-4D8FAAA05C79}|-10|)
[2026/09/11 23:55:29.019, java.exe (PID: 19184, TID: 22424), JavaEnvironment.cpp:519 (JavaEnvironment::detect)]
	TRACE: Installed Java detected: version=; arch=64; productCode={DA08718E-972A-58E7-AE7E-C45114C82E13}; type=1
[2026/09/11 23:55:29.019, java.exe (PID: 19184, TID: 22424), JavaEnvironment.cpp:135 (`anonymous-namespace'::detectHomeDir)]
	TRACE: Find home dir of {DA08718E-972A-58E7-AE7E-C45114C82E13} Java installation
[2026/09/11 23:55:29.019, java.exe (PID: 19184, TID: 22424), JavaEnvironment.cpp:302 (`anonymous-namespace'::detectFullVersion)]
	TRACE: Detect full version of {DA08718E-972A-58E7-AE7E-C45114C82E13} Java installation
[2026/09/11 23:55:29.019, java.exe (PID: 19184, TID: 22424), JavaEnvironment.cpp:213 (`anonymous-namespace'::detectFullVersionFromMsi)]
	TRACE: detectFullVersionFromMsi({DA08718E-972A-58E7-AE7E-C45114C82E13})
[2026/09/11 23:55:29.021, java.exe (PID: 19184, TID: 22424), JavaEnvironment.cpp:481 (`anonymous-namespace'::getInstalledJava)]
	TRACE: InstalledJava(17.0.12+8|17.0.12+8|JDK|64bit|C:\Program Files\Java\jdk-17|{DA08718E-972A-58E7-AE7E-C45114C82E13}|-10|)
[2026/09/11 23:55:29.021, java.exe (PID: 19184, TID: 22424), JavaEnvironment.cpp:519 (JavaEnvironment::detect)]
	TRACE: Installed Java detected: version=; arch=64; productCode={D2D0311F-1C55-57CC-95CC-F973FA7660D4}; type=1
[2026/09/11 23:55:29.022, java.exe (PID: 19184, TID: 22424), JavaEnvironment.cpp:135 (`anonymous-namespace'::detectHomeDir)]
	TRACE: Find home dir of {D2D0311F-1C55-57CC-95CC-F973FA7660D4} Java installation
[2026/09/11 23:55:29.022, java.exe (PID: 19184, TID: 22424), JavaEnvironment.cpp:302 (`anonymous-namespace'::detectFullVersion)]
	TRACE: Detect full version of {D2D0311F-1C55-57CC-95CC-F973FA7660D4} Java installation
[2026/09/11 23:55:29.022, java.exe (PID: 19184, TID: 22424), JavaEnvironment.cpp:213 (`anonymous-namespace'::detectFullVersionFromMsi)]
	TRACE: detectFullVersionFromMsi({D2D0311F-1C55-57CC-95CC-F973FA7660D4})
[2026/09/11 23:55:29.024, java.exe (PID: 19184, TID: 22424), JavaEnvironment.cpp:481 (`anonymous-namespace'::getInstalledJava)]
	TRACE: InstalledJava(20.0.2+9|20.0.2+9|JDK|64bit|C:\Program Files\Java\jdk-20|{D2D0311F-1C55-57CC-95CC-F973FA7660D4}|-10|)
[2026/09/11 23:55:29.024, java.exe (PID: 19184, TID: 22424), JavaEnvironment.cpp:519 (JavaEnvironment::detect)]
	TRACE: Installed Java detected: version=; arch=64; productCode={75B0E1AE-DC20-5AC0-A358-61B0256DADBE}; type=1
[2026/09/11 23:55:29.024, java.exe (PID: 19184, TID: 22424), JavaEnvironment.cpp:135 (`anonymous-namespace'::detectHomeDir)]
	TRACE: Find home dir of {75B0E1AE-DC20-5AC0-A358-61B0256DADBE} Java installation
[2026/09/11 23:55:29.024, java.exe (PID: 19184, TID: 22424), JavaEnvironment.cpp:302 (`anonymous-namespace'::detectFullVersion)]
	TRACE: Detect full version of {75B0E1AE-DC20-5AC0-A358-61B0256DADBE} Java installation
[2026/09/11 23:55:29.024, java.exe (PID: 19184, TID: 22424), JavaEnvironment.cpp:213 (`anonymous-namespace'::detectFullVersionFromMsi)]
	TRACE: detectFullVersionFromMsi({75B0E1AE-DC20-5AC0-A358-61B0256DADBE})
[2026/09/11 23:55:29.026, java.exe (PID: 19184, TID: 22424), JavaEnvironment.cpp:481 (`anonymous-namespace'::getInstalledJava)]
	TRACE: InstalledJava(21.0.1+12|21.0.1+12|JDK|64bit|C:\Program Files\Java\jdk-21|{75B0E1AE-DC20-5AC0-A358-61B0256DADBE}|-10|)
[2026/09/11 23:55:29.026, java.exe (PID: 19184, TID: 22424), JavaEnvironment.cpp:519 (JavaEnvironment::detect)]
	TRACE: Installed Java detected: version=; arch=64; productCode={1927BA5F-6CD9-5F60-BBB8-B6A654F98621}; type=1
[2026/09/11 23:55:29.027, java.exe (PID: 19184, TID: 22424), JavaEnvironment.cpp:135 (`anonymous-namespace'::detectHomeDir)]
	TRACE: Find home dir of {1927BA5F-6CD9-5F60-BBB8-B6A654F98621} Java installation
[2026/09/11 23:55:29.027, java.exe (PID: 19184, TID: 22424), JavaEnvironment.cpp:302 (`anonymous-namespace'::detectFullVersion)]
	TRACE: Detect full version of {1927BA5F-6CD9-5F60-BBB8-B6A654F98621} Java installation
[2026/09/11 23:55:29.027, java.exe (PID: 19184, TID: 22424), JavaEnvironment.cpp:213 (`anonymous-namespace'::detectFullVersionFromMsi)]
	TRACE: detectFullVersionFromMsi({1927BA5F-6CD9-5F60-BBB8-B6A654F98621})
[2026/09/11 23:55:29.029, java.exe (PID: 19184, TID: 22424), JavaEnvironment.cpp:481 (`anonymous-namespace'::getInstalledJava)]
	TRACE: InstalledJava(24.0.2+12|24.0.2+12|JDK|64bit|C:\Program Files\Java\jdk-24|{1927BA5F-6CD9-5F60-BBB8-B6A654F98621}|-10|)
[2026/09/11 23:55:29.029, java.exe (PID: 19184, TID: 22424), JavaEnvironment.cpp:519 (JavaEnvironment::detect)]
	TRACE: Installed Java detected: version=; arch=64; productCode={F60B1927-3BC4-51C5-A978-B3F712E0CEEB}; type=1
[2026/09/11 23:55:29.029, java.exe (PID: 19184, TID: 22424), JavaEnvironment.cpp:135 (`anonymous-namespace'::detectHomeDir)]
	TRACE: Find home dir of {F60B1927-3BC4-51C5-A978-B3F712E0CEEB} Java installation
[2026/09/11 23:55:29.030, java.exe (PID: 19184, TID: 22424), JavaEnvironment.cpp:302 (`anonymous-namespace'::detectFullVersion)]
	TRACE: Detect full version of {F60B1927-3BC4-51C5-A978-B3F712E0CEEB} Java installation
[2026/09/11 23:55:29.030, java.exe (PID: 19184, TID: 22424), JavaEnvironment.cpp:213 (`anonymous-namespace'::detectFullVersionFromMsi)]
	TRACE: detectFullVersionFromMsi({F60B1927-3BC4-51C5-A978-B3F712E0CEEB})
[2026/09/11 23:55:29.032, java.exe (PID: 19184, TID: 22424), JavaEnvironment.cpp:481 (`anonymous-namespace'::getInstalledJava)]
	TRACE: InstalledJava(25.0.4+7|25.0.4+7|JDK|64bit|C:\Program Files\Java\jdk-25.0.4|{F60B1927-3BC4-51C5-A978-B3F712E0CEEB}|-10|)
[2026/09/11 23:55:29.034, java.exe (PID: 19184, TID: 22424), JavaEnvironment.cpp:0 (JavaEnvironment::detect)]
	TRACE: Exiting JavaEnvironment::detect (entered at JavaEnvironment.cpp:502)
[2026/09/11 23:55:29.042, java.exe (PID: 19184, TID: 22424), Executor.cpp:706 (Executor2::startProcess)]
	TRACE: CreateProcess(C:\Program Files\Java\jdk-25.0.4\bin\java.exe, "C:\Program Files\Java\jdk-25.0.4\bin\java.exe" -version) succeeded; PID=14780
[2026/09/11 23:55:29.096, java.exe (PID: 19184, TID: 22424), Executor.cpp:667 (Executor2::execAndWait)]
	TRACE: Process with PID=14780 terminated. Exit code=0
[2026/09/11 23:55:29.117, java.exe (PID: 21360, TID: 4748), JavaEnvironment.cpp:502 (JavaEnvironment::detect)]
	TRACE: Entering JavaEnvironment::detect
[2026/09/11 23:55:29.123, java.exe (PID: 21360, TID: 4748), JavaEnvironment.cpp:519 (JavaEnvironment::detect)]
	TRACE: Installed Java detected: version=1.8.0_401; arch=32; productCode={71024AE4-039E-4CA4-87B4-2F32180401F0}; type=0
[2026/09/11 23:55:29.124, java.exe (PID: 21360, TID: 4748), JavaEnvironment.cpp:519 (JavaEnvironment::detect)]
	TRACE: Installed Java detected: version=1.8.0_431; arch=64; productCode={71024AE4-039E-4CA4-87B4-2F64180431F0}; type=0
[2026/09/11 23:55:29.124, java.exe (PID: 21360, TID: 4748), JavaEnvironment.cpp:519 (JavaEnvironment::detect)]
	TRACE: Installed Java detected: version=1.8.0_231; arch=64; productCode={26A24AE4-039D-4CA4-87B4-2F64180231F0}; type=0
[2026/09/11 23:55:29.124, java.exe (PID: 21360, TID: 4748), JavaEnvironment.cpp:519 (JavaEnvironment::detect)]
	TRACE: Installed Java detected: version=1.8.0; arch=64; productCode={64A3A4F4-B792-11D6-A78A-00B0D0180191}; type=1
[2026/09/11 23:55:29.124, java.exe (PID: 21360, TID: 4748), JavaEnvironment.cpp:135 (`anonymous-namespace'::detectHomeDir)]
	TRACE: Find home dir of {64A3A4F4-B792-11D6-A78A-00B0D0180191} Java installation
[2026/09/11 23:55:29.125, java.exe (PID: 21360, TID: 4748), JavaEnvironment.cpp:302 (`anonymous-namespace'::detectFullVersion)]
	TRACE: Detect full version of {64A3A4F4-B792-11D6-A78A-00B0D0180191} Java installation
[2026/09/11 23:55:29.125, java.exe (PID: 21360, TID: 4748), JavaEnvironment.cpp:213 (`anonymous-namespace'::detectFullVersionFromMsi)]
	TRACE: detectFullVersionFromMsi({64A3A4F4-B792-11D6-A78A-00B0D0180191})
[2026/09/11 23:55:29.129, java.exe (PID: 21360, TID: 4748), JavaEnvironment.cpp:481 (`anonymous-namespace'::getInstalledJava)]
	TRACE: InstalledJava(1.8.0_191-b12|1.8.0_191-b12|JDK|64bit|C:\Program Files\Java\jdk1.8.0_191|{64A3A4F4-B792-11D6-A78A-00B0D0180191}|-10|)
[2026/09/11 23:55:29.144, java.exe (PID: 21360, TID: 4748), JavaEnvironment.cpp:519 (JavaEnvironment::detect)]
	TRACE: Installed Java detected: version=; arch=64; productCode={EA8EE85F-62FC-5C6C-A8C7-3D00FCEF5674}; type=1
[2026/09/11 23:55:29.145, java.exe (PID: 21360, TID: 4748), JavaEnvironment.cpp:135 (`anonymous-namespace'::detectHomeDir)]
	TRACE: Find home dir of {EA8EE85F-62FC-5C6C-A8C7-3D00FCEF5674} Java installation
[2026/09/11 23:55:29.145, java.exe (PID: 21360, TID: 4748), JavaEnvironment.cpp:302 (`anonymous-namespace'::detectFullVersion)]
	TRACE: Detect full version of {EA8EE85F-62FC-5C6C-A8C7-3D00FCEF5674} Java installation
[2026/09/11 23:55:29.145, java.exe (PID: 21360, TID: 4748), JavaEnvironment.cpp:213 (`anonymous-namespace'::detectFullVersionFromMsi)]
	TRACE: detectFullVersionFromMsi({EA8EE85F-62FC-5C6C-A8C7-3D00FCEF5674})
[2026/09/11 23:55:29.147, java.exe (PID: 21360, TID: 4748), JavaEnvironment.cpp:481 (`anonymous-namespace'::getInstalledJava)]
	TRACE: InstalledJava(11.0.28+12|11.0.28+12|JDK|64bit|C:\Program Files\Java\jdk-11|{EA8EE85F-62FC-5C6C-A8C7-3D00FCEF5674}|-10|)
[2026/09/11 23:55:29.147, java.exe (PID: 21360, TID: 4748), JavaEnvironment.cpp:519 (JavaEnvironment::detect)]
	TRACE: Installed Java detected: version=; arch=64; productCode={606493F9-D1F1-5355-BB8A-F0E30F1AFFED}; type=1
[2026/09/11 23:55:29.147, java.exe (PID: 21360, TID: 4748), JavaEnvironment.cpp:135 (`anonymous-namespace'::detectHomeDir)]
	TRACE: Find home dir of {606493F9-D1F1-5355-BB8A-F0E30F1AFFED} Java installation
[2026/09/11 23:55:29.148, java.exe (PID: 21360, TID: 4748), JavaEnvironment.cpp:302 (`anonymous-namespace'::detectFullVersion)]
	TRACE: Detect full version of {606493F9-D1F1-5355-BB8A-F0E30F1AFFED} Java installation
[2026/09/11 23:55:29.148, java.exe (PID: 21360, TID: 4748), JavaEnvironment.cpp:213 (`anonymous-namespace'::detectFullVersionFromMsi)]
	TRACE: detectFullVersionFromMsi({606493F9-D1F1-5355-BB8A-F0E30F1AFFED})
[2026/09/11 23:55:29.150, java.exe (PID: 21360, TID: 4748), JavaEnvironment.cpp:481 (`anonymous-namespace'::getInstalledJava)]
	TRACE: InstalledJava(13.0.2+8|13.0.2+8|JDK|64bit|C:\Program Files\Java\jdk-13.0.2|{606493F9-D1F1-5355-BB8A-F0E30F1AFFED}|-10|)
[2026/09/11 23:55:29.150, java.exe (PID: 21360, TID: 4748), JavaEnvironment.cpp:519 (JavaEnvironment::detect)]
	TRACE: Installed Java detected: version=; arch=64; productCode={E04E5624-3CF1-5E84-A439-4D8FAAA05C79}; type=1
[2026/09/11 23:55:29.151, java.exe (PID: 21360, TID: 4748), JavaEnvironment.cpp:135 (`anonymous-namespace'::detectHomeDir)]
	TRACE: Find home dir of {E04E5624-3CF1-5E84-A439-4D8FAAA05C79} Java installation
[2026/09/11 23:55:29.151, java.exe (PID: 21360, TID: 4748), JavaEnvironment.cpp:302 (`anonymous-namespace'::detectFullVersion)]
	TRACE: Detect full version of {E04E5624-3CF1-5E84-A439-4D8FAAA05C79} Java installation
[2026/09/11 23:55:29.151, java.exe (PID: 21360, TID: 4748), JavaEnvironment.cpp:213 (`anonymous-namespace'::detectFullVersionFromMsi)]
	TRACE: detectFullVersionFromMsi({E04E5624-3CF1-5E84-A439-4D8FAAA05C79})
[2026/09/11 23:55:29.153, java.exe (PID: 21360, TID: 4748), JavaEnvironment.cpp:481 (`anonymous-namespace'::getInstalledJava)]
	TRACE: InstalledJava(15+36|15+36|JDK|64bit|C:\Program Files\Java\jdk-15|{E04E5624-3CF1-5E84-A439-4D8FAAA05C79}|-10|)
[2026/09/11 23:55:29.153, java.exe (PID: 21360, TID: 4748), JavaEnvironment.cpp:519 (JavaEnvironment::detect)]
	TRACE: Installed Java detected: version=; arch=64; productCode={DA08718E-972A-58E7-AE7E-C45114C82E13}; type=1
[2026/09/11 23:55:29.153, java.exe (PID: 21360, TID: 4748), JavaEnvironment.cpp:135 (`anonymous-namespace'::detectHomeDir)]
	TRACE: Find home dir of {DA08718E-972A-58E7-AE7E-C45114C82E13} Java installation
[2026/09/11 23:55:29.154, java.exe (PID: 21360, TID: 4748), JavaEnvironment.cpp:302 (`anonymous-namespace'::detectFullVersion)]
	TRACE: Detect full version of {DA08718E-972A-58E7-AE7E-C45114C82E13} Java installation
[2026/09/11 23:55:29.154, java.exe (PID: 21360, TID: 4748), JavaEnvironment.cpp:213 (`anonymous-namespace'::detectFullVersionFromMsi)]
	TRACE: detectFullVersionFromMsi({DA08718E-972A-58E7-AE7E-C45114C82E13})
[2026/09/11 23:55:29.155, java.exe (PID: 21360, TID: 4748), JavaEnvironment.cpp:481 (`anonymous-namespace'::getInstalledJava)]
	TRACE: InstalledJava(17.0.12+8|17.0.12+8|JDK|64bit|C:\Program Files\Java\jdk-17|{DA08718E-972A-58E7-AE7E-C45114C82E13}|-10|)
[2026/09/11 23:55:29.156, java.exe (PID: 21360, TID: 4748), JavaEnvironment.cpp:519 (JavaEnvironment::detect)]
	TRACE: Installed Java detected: version=; arch=64; productCode={D2D0311F-1C55-57CC-95CC-F973FA7660D4}; type=1
[2026/09/11 23:55:29.156, java.exe (PID: 21360, TID: 4748), JavaEnvironment.cpp:135 (`anonymous-namespace'::detectHomeDir)]
	TRACE: Find home dir of {D2D0311F-1C55-57CC-95CC-F973FA7660D4} Java installation
[2026/09/11 23:55:29.156, java.exe (PID: 21360, TID: 4748), JavaEnvironment.cpp:302 (`anonymous-namespace'::detectFullVersion)]
	TRACE: Detect full version of {D2D0311F-1C55-57CC-95CC-F973FA7660D4} Java installation
[2026/09/11 23:55:29.156, java.exe (PID: 21360, TID: 4748), JavaEnvironment.cpp:213 (`anonymous-namespace'::detectFullVersionFromMsi)]
	TRACE: detectFullVersionFromMsi({D2D0311F-1C55-57CC-95CC-F973FA7660D4})
[2026/09/11 23:55:29.158, java.exe (PID: 21360, TID: 4748), JavaEnvironment.cpp:481 (`anonymous-namespace'::getInstalledJava)]
	TRACE: InstalledJava(20.0.2+9|20.0.2+9|JDK|64bit|C:\Program Files\Java\jdk-20|{D2D0311F-1C55-57CC-95CC-F973FA7660D4}|-10|)
[2026/09/11 23:55:29.158, java.exe (PID: 21360, TID: 4748), JavaEnvironment.cpp:519 (JavaEnvironment::detect)]
	TRACE: Installed Java detected: version=; arch=64; productCode={75B0E1AE-DC20-5AC0-A358-61B0256DADBE}; type=1
[2026/09/11 23:55:29.159, java.exe (PID: 21360, TID: 4748), JavaEnvironment.cpp:135 (`anonymous-namespace'::detectHomeDir)]
	TRACE: Find home dir of {75B0E1AE-DC20-5AC0-A358-61B0256DADBE} Java installation
[2026/09/11 23:55:29.159, java.exe (PID: 21360, TID: 4748), JavaEnvironment.cpp:302 (`anonymous-namespace'::detectFullVersion)]
	TRACE: Detect full version of {75B0E1AE-DC20-5AC0-A358-61B0256DADBE} Java installation
[2026/09/11 23:55:29.159, java.exe (PID: 21360, TID: 4748), JavaEnvironment.cpp:213 (`anonymous-namespace'::detectFullVersionFromMsi)]
	TRACE: detectFullVersionFromMsi({75B0E1AE-DC20-5AC0-A358-61B0256DADBE})
[2026/09/11 23:55:29.161, java.exe (PID: 21360, TID: 4748), JavaEnvironment.cpp:481 (`anonymous-namespace'::getInstalledJava)]
	TRACE: InstalledJava(21.0.1+12|21.0.1+12|JDK|64bit|C:\Program Files\Java\jdk-21|{75B0E1AE-DC20-5AC0-A358-61B0256DADBE}|-10|)
[2026/09/11 23:55:29.161, java.exe (PID: 21360, TID: 4748), JavaEnvironment.cpp:519 (JavaEnvironment::detect)]
	TRACE: Installed Java detected: version=; arch=64; productCode={1927BA5F-6CD9-5F60-BBB8-B6A654F98621}; type=1
[2026/09/11 23:55:29.161, java.exe (PID: 21360, TID: 4748), JavaEnvironment.cpp:135 (`anonymous-namespace'::detectHomeDir)]
	TRACE: Find home dir of {1927BA5F-6CD9-5F60-BBB8-B6A654F98621} Java installation
[2026/09/11 23:55:29.161, java.exe (PID: 21360, TID: 4748), JavaEnvironment.cpp:302 (`anonymous-namespace'::detectFullVersion)]
	TRACE: Detect full version of {1927BA5F-6CD9-5F60-BBB8-B6A654F98621} Java installation
[2026/09/11 23:55:29.162, java.exe (PID: 21360, TID: 4748), JavaEnvironment.cpp:213 (`anonymous-namespace'::detectFullVersionFromMsi)]
	TRACE: detectFullVersionFromMsi({1927BA5F-6CD9-5F60-BBB8-B6A654F98621})
[2026/09/11 23:55:29.163, java.exe (PID: 21360, TID: 4748), JavaEnvironment.cpp:481 (`anonymous-namespace'::getInstalledJava)]
	TRACE: InstalledJava(24.0.2+12|24.0.2+12|JDK|64bit|C:\Program Files\Java\jdk-24|{1927BA5F-6CD9-5F60-BBB8-B6A654F98621}|-10|)
[2026/09/11 23:55:29.163, java.exe (PID: 21360, TID: 4748), JavaEnvironment.cpp:519 (JavaEnvironment::detect)]
	TRACE: Installed Java detected: version=; arch=64; productCode={F60B1927-3BC4-51C5-A978-B3F712E0CEEB}; type=1
[2026/09/11 23:55:29.164, java.exe (PID: 21360, TID: 4748), JavaEnvironment.cpp:135 (`anonymous-namespace'::detectHomeDir)]
	TRACE: Find home dir of {F60B1927-3BC4-51C5-A978-B3F712E0CEEB} Java installation
[2026/09/11 23:55:29.164, java.exe (PID: 21360, TID: 4748), JavaEnvironment.cpp:302 (`anonymous-namespace'::detectFullVersion)]
	TRACE: Detect full version of {F60B1927-3BC4-51C5-A978-B3F712E0CEEB} Java installation
[2026/09/11 23:55:29.164, java.exe (PID: 21360, TID: 4748), JavaEnvironment.cpp:213 (`anonymous-namespace'::detectFullVersionFromMsi)]
	TRACE: detectFullVersionFromMsi({F60B1927-3BC4-51C5-A978-B3F712E0CEEB})
[2026/09/11 23:55:29.166, java.exe (PID: 21360, TID: 4748), JavaEnvironment.cpp:481 (`anonymous-namespace'::getInstalledJava)]
	TRACE: InstalledJava(25.0.4+7|25.0.4+7|JDK|64bit|C:\Program Files\Java\jdk-25.0.4|{F60B1927-3BC4-51C5-A978-B3F712E0CEEB}|-10|)
[2026/09/11 23:55:29.168, java.exe (PID: 21360, TID: 4748), JavaEnvironment.cpp:0 (JavaEnvironment::detect)]
	TRACE: Exiting JavaEnvironment::detect (entered at JavaEnvironment.cpp:502)
[2026/09/11 23:55:29.177, java.exe (PID: 21360, TID: 4748), Executor.cpp:706 (Executor2::startProcess)]
	TRACE: CreateProcess(C:\Program Files\Java\jdk-25.0.4\bin\java.exe, "C:\Program Files\Java\jdk-25.0.4\bin\java.exe" -Xmx64m -Xms64m -Dorg.gradle.appname=gradlew -jar C:\Users\alp\Desktop\Latitude-1.20.1-build\\gradle\wrapper\gradle-wrapper.jar "-Dorg.gradle.java.home=C:/Program Files/Java/jdk-17" test --tests com.example.globe.world.LatitudeJjThunderHybridContractTest --no-daemon) succeeded; PID=11396
[2026/09/11 23:55:44.846, java.exe (PID: 21360, TID: 4748), Executor.cpp:667 (Executor2::execAndWait)]
	TRACE: Process with PID=11396 terminated. Exit code=0
[2026/09/11 23:56:18.316, java.exe (PID: 2888, TID: 18948), JavaEnvironment.cpp:502 (JavaEnvironment::detect)]
	TRACE: Entering JavaEnvironment::detect
[2026/09/11 23:56:18.323, java.exe (PID: 2888, TID: 18948), JavaEnvironment.cpp:519 (JavaEnvironment::detect)]
	TRACE: Installed Java detected: version=1.8.0_401; arch=32; productCode={71024AE4-039E-4CA4-87B4-2F32180401F0}; type=0
[2026/09/11 23:56:18.323, java.exe (PID: 2888, TID: 18948), JavaEnvironment.cpp:519 (JavaEnvironment::detect)]
	TRACE: Installed Java detected: version=1.8.0_431; arch=64; productCode={71024AE4-039E-4CA4-87B4-2F64180431F0}; type=0
[2026/09/11 23:56:18.324, java.exe (PID: 2888, TID: 18948), JavaEnvironment.cpp:519 (JavaEnvironment::detect)]
	TRACE: Installed Java detected: version=1.8.0_231; arch=64; productCode={26A24AE4-039D-4CA4-87B4-2F64180231F0}; type=0
[2026/09/11 23:56:18.324, java.exe (PID: 2888, TID: 18948), JavaEnvironment.cpp:519 (JavaEnvironment::detect)]
	TRACE: Installed Java detected: version=1.8.0; arch=64; productCode={64A3A4F4-B792-11D6-A78A-00B0D0180191}; type=1
[2026/09/11 23:56:18.324, java.exe (PID: 2888, TID: 18948), JavaEnvironment.cpp:135 (`anonymous-namespace'::detectHomeDir)]
	TRACE: Find home dir of {64A3A4F4-B792-11D6-A78A-00B0D0180191} Java installation
[2026/09/11 23:56:18.324, java.exe (PID: 2888, TID: 18948), JavaEnvironment.cpp:302 (`anonymous-namespace'::detectFullVersion)]
	TRACE: Detect full version of {64A3A4F4-B792-11D6-A78A-00B0D0180191} Java installation
[2026/09/11 23:56:18.324, java.exe (PID: 2888, TID: 18948), JavaEnvironment.cpp:213 (`anonymous-namespace'::detectFullVersionFromMsi)]
	TRACE: detectFullVersionFromMsi({64A3A4F4-B792-11D6-A78A-00B0D0180191})
[2026/09/11 23:56:18.329, java.exe (PID: 2888, TID: 18948), JavaEnvironment.cpp:481 (`anonymous-namespace'::getInstalledJava)]
	TRACE: InstalledJava(1.8.0_191-b12|1.8.0_191-b12|JDK|64bit|C:\Program Files\Java\jdk1.8.0_191|{64A3A4F4-B792-11D6-A78A-00B0D0180191}|-10|)
[2026/09/11 23:56:18.343, java.exe (PID: 2888, TID: 18948), JavaEnvironment.cpp:519 (JavaEnvironment::detect)]
	TRACE: Installed Java detected: version=; arch=64; productCode={EA8EE85F-62FC-5C6C-A8C7-3D00FCEF5674}; type=1
[2026/09/11 23:56:18.344, java.exe (PID: 2888, TID: 18948), JavaEnvironment.cpp:135 (`anonymous-namespace'::detectHomeDir)]
	TRACE: Find home dir of {EA8EE85F-62FC-5C6C-A8C7-3D00FCEF5674} Java installation
[2026/09/11 23:56:18.344, java.exe (PID: 2888, TID: 18948), JavaEnvironment.cpp:302 (`anonymous-namespace'::detectFullVersion)]
	TRACE: Detect full version of {EA8EE85F-62FC-5C6C-A8C7-3D00FCEF5674} Java installation
[2026/09/11 23:56:18.344, java.exe (PID: 2888, TID: 18948), JavaEnvironment.cpp:213 (`anonymous-namespace'::detectFullVersionFromMsi)]
	TRACE: detectFullVersionFromMsi({EA8EE85F-62FC-5C6C-A8C7-3D00FCEF5674})
[2026/09/11 23:56:18.346, java.exe (PID: 2888, TID: 18948), JavaEnvironment.cpp:481 (`anonymous-namespace'::getInstalledJava)]
	TRACE: InstalledJava(11.0.28+12|11.0.28+12|JDK|64bit|C:\Program Files\Java\jdk-11|{EA8EE85F-62FC-5C6C-A8C7-3D00FCEF5674}|-10|)
[2026/09/11 23:56:18.346, java.exe (PID: 2888, TID: 18948), JavaEnvironment.cpp:519 (JavaEnvironment::detect)]
	TRACE: Installed Java detected: version=; arch=64; productCode={606493F9-D1F1-5355-BB8A-F0E30F1AFFED}; type=1
[2026/09/11 23:56:18.346, java.exe (PID: 2888, TID: 18948), JavaEnvironment.cpp:135 (`anonymous-namespace'::detectHomeDir)]
	TRACE: Find home dir of {606493F9-D1F1-5355-BB8A-F0E30F1AFFED} Java installation
[2026/09/11 23:56:18.347, java.exe (PID: 2888, TID: 18948), JavaEnvironment.cpp:302 (`anonymous-namespace'::detectFullVersion)]
	TRACE: Detect full version of {606493F9-D1F1-5355-BB8A-F0E30F1AFFED} Java installation
[2026/09/11 23:56:18.347, java.exe (PID: 2888, TID: 18948), JavaEnvironment.cpp:213 (`anonymous-namespace'::detectFullVersionFromMsi)]
	TRACE: detectFullVersionFromMsi({606493F9-D1F1-5355-BB8A-F0E30F1AFFED})
[2026/09/11 23:56:18.348, java.exe (PID: 2888, TID: 18948), JavaEnvironment.cpp:481 (`anonymous-namespace'::getInstalledJava)]
	TRACE: InstalledJava(13.0.2+8|13.0.2+8|JDK|64bit|C:\Program Files\Java\jdk-13.0.2|{606493F9-D1F1-5355-BB8A-F0E30F1AFFED}|-10|)
[2026/09/11 23:56:18.349, java.exe (PID: 2888, TID: 18948), JavaEnvironment.cpp:519 (JavaEnvironment::detect)]
	TRACE: Installed Java detected: version=; arch=64; productCode={E04E5624-3CF1-5E84-A439-4D8FAAA05C79}; type=1
[2026/09/11 23:56:18.349, java.exe (PID: 2888, TID: 18948), JavaEnvironment.cpp:135 (`anonymous-namespace'::detectHomeDir)]
	TRACE: Find home dir of {E04E5624-3CF1-5E84-A439-4D8FAAA05C79} Java installation
[2026/09/11 23:56:18.349, java.exe (PID: 2888, TID: 18948), JavaEnvironment.cpp:302 (`anonymous-namespace'::detectFullVersion)]
	TRACE: Detect full version of {E04E5624-3CF1-5E84-A439-4D8FAAA05C79} Java installation
[2026/09/11 23:56:18.349, java.exe (PID: 2888, TID: 18948), JavaEnvironment.cpp:213 (`anonymous-namespace'::detectFullVersionFromMsi)]
	TRACE: detectFullVersionFromMsi({E04E5624-3CF1-5E84-A439-4D8FAAA05C79})
[2026/09/11 23:56:18.351, java.exe (PID: 2888, TID: 18948), JavaEnvironment.cpp:481 (`anonymous-namespace'::getInstalledJava)]
	TRACE: InstalledJava(15+36|15+36|JDK|64bit|C:\Program Files\Java\jdk-15|{E04E5624-3CF1-5E84-A439-4D8FAAA05C79}|-10|)
[2026/09/11 23:56:18.352, java.exe (PID: 2888, TID: 18948), JavaEnvironment.cpp:519 (JavaEnvironment::detect)]
	TRACE: Installed Java detected: version=; arch=64; productCode={DA08718E-972A-58E7-AE7E-C45114C82E13}; type=1
[2026/09/11 23:56:18.352, java.exe (PID: 2888, TID: 18948), JavaEnvironment.cpp:135 (`anonymous-namespace'::detectHomeDir)]
	TRACE: Find home dir of {DA08718E-972A-58E7-AE7E-C45114C82E13} Java installation
[2026/09/11 23:56:18.352, java.exe (PID: 2888, TID: 18948), JavaEnvironment.cpp:302 (`anonymous-namespace'::detectFullVersion)]
	TRACE: Detect full version of {DA08718E-972A-58E7-AE7E-C45114C82E13} Java installation
[2026/09/11 23:56:18.352, java.exe (PID: 2888, TID: 18948), JavaEnvironment.cpp:213 (`anonymous-namespace'::detectFullVersionFromMsi)]
	TRACE: detectFullVersionFromMsi({DA08718E-972A-58E7-AE7E-C45114C82E13})
[2026/09/11 23:56:18.354, java.exe (PID: 2888, TID: 18948), JavaEnvironment.cpp:481 (`anonymous-namespace'::getInstalledJava)]
	TRACE: InstalledJava(17.0.12+8|17.0.12+8|JDK|64bit|C:\Program Files\Java\jdk-17|{DA08718E-972A-58E7-AE7E-C45114C82E13}|-10|)
[2026/09/11 23:56:18.354, java.exe (PID: 2888, TID: 18948), JavaEnvironment.cpp:519 (JavaEnvironment::detect)]
	TRACE: Installed Java detected: version=; arch=64; productCode={D2D0311F-1C55-57CC-95CC-F973FA7660D4}; type=1
[2026/09/11 23:56:18.355, java.exe (PID: 2888, TID: 18948), JavaEnvironment.cpp:135 (`anonymous-namespace'::detectHomeDir)]
	TRACE: Find home dir of {D2D0311F-1C55-57CC-95CC-F973FA7660D4} Java installation
[2026/09/11 23:56:18.355, java.exe (PID: 2888, TID: 18948), JavaEnvironment.cpp:302 (`anonymous-namespace'::detectFullVersion)]
	TRACE: Detect full version of {D2D0311F-1C55-57CC-95CC-F973FA7660D4} Java installation
[2026/09/11 23:56:18.355, java.exe (PID: 2888, TID: 18948), JavaEnvironment.cpp:213 (`anonymous-namespace'::detectFullVersionFromMsi)]
	TRACE: detectFullVersionFromMsi({D2D0311F-1C55-57CC-95CC-F973FA7660D4})
[2026/09/11 23:56:18.357, java.exe (PID: 2888, TID: 18948), JavaEnvironment.cpp:481 (`anonymous-namespace'::getInstalledJava)]
	TRACE: InstalledJava(20.0.2+9|20.0.2+9|JDK|64bit|C:\Program Files\Java\jdk-20|{D2D0311F-1C55-57CC-95CC-F973FA7660D4}|-10|)
[2026/09/11 23:56:18.357, java.exe (PID: 2888, TID: 18948), JavaEnvironment.cpp:519 (JavaEnvironment::detect)]
	TRACE: Installed Java detected: version=; arch=64; productCode={75B0E1AE-DC20-5AC0-A358-61B0256DADBE}; type=1
[2026/09/11 23:56:18.357, java.exe (PID: 2888, TID: 18948), JavaEnvironment.cpp:135 (`anonymous-namespace'::detectHomeDir)]
	TRACE: Find home dir of {75B0E1AE-DC20-5AC0-A358-61B0256DADBE} Java installation
[2026/09/11 23:56:18.357, java.exe (PID: 2888, TID: 18948), JavaEnvironment.cpp:302 (`anonymous-namespace'::detectFullVersion)]
	TRACE: Detect full version of {75B0E1AE-DC20-5AC0-A358-61B0256DADBE} Java installation
[2026/09/11 23:56:18.358, java.exe (PID: 2888, TID: 18948), JavaEnvironment.cpp:213 (`anonymous-namespace'::detectFullVersionFromMsi)]
	TRACE: detectFullVersionFromMsi({75B0E1AE-DC20-5AC0-A358-61B0256DADBE})
[2026/09/11 23:56:18.359, java.exe (PID: 2888, TID: 18948), JavaEnvironment.cpp:481 (`anonymous-namespace'::getInstalledJava)]
	TRACE: InstalledJava(21.0.1+12|21.0.1+12|JDK|64bit|C:\Program Files\Java\jdk-21|{75B0E1AE-DC20-5AC0-A358-61B0256DADBE}|-10|)
[2026/09/11 23:56:18.360, java.exe (PID: 2888, TID: 18948), JavaEnvironment.cpp:519 (JavaEnvironment::detect)]
	TRACE: Installed Java detected: version=; arch=64; productCode={1927BA5F-6CD9-5F60-BBB8-B6A654F98621}; type=1
[2026/09/11 23:56:18.360, java.exe (PID: 2888, TID: 18948), JavaEnvironment.cpp:135 (`anonymous-namespace'::detectHomeDir)]
	TRACE: Find home dir of {1927BA5F-6CD9-5F60-BBB8-B6A654F98621} Java installation
[2026/09/11 23:56:18.360, java.exe (PID: 2888, TID: 18948), JavaEnvironment.cpp:302 (`anonymous-namespace'::detectFullVersion)]
	TRACE: Detect full version of {1927BA5F-6CD9-5F60-BBB8-B6A654F98621} Java installation
[2026/09/11 23:56:18.360, java.exe (PID: 2888, TID: 18948), JavaEnvironment.cpp:213 (`anonymous-namespace'::detectFullVersionFromMsi)]
	TRACE: detectFullVersionFromMsi({1927BA5F-6CD9-5F60-BBB8-B6A654F98621})
[2026/09/11 23:56:18.362, java.exe (PID: 2888, TID: 18948), JavaEnvironment.cpp:481 (`anonymous-namespace'::getInstalledJava)]
	TRACE: InstalledJava(24.0.2+12|24.0.2+12|JDK|64bit|C:\Program Files\Java\jdk-24|{1927BA5F-6CD9-5F60-BBB8-B6A654F98621}|-10|)
[2026/09/11 23:56:18.362, java.exe (PID: 2888, TID: 18948), JavaEnvironment.cpp:519 (JavaEnvironment::detect)]
	TRACE: Installed Java detected: version=; arch=64; productCode={F60B1927-3BC4-51C5-A978-B3F712E0CEEB}; type=1
[2026/09/11 23:56:18.362, java.exe (PID: 2888, TID: 18948), JavaEnvironment.cpp:135 (`anonymous-namespace'::detectHomeDir)]
	TRACE: Find home dir of {F60B1927-3BC4-51C5-A978-B3F712E0CEEB} Java installation
[2026/09/11 23:56:18.363, java.exe (PID: 2888, TID: 18948), JavaEnvironment.cpp:302 (`anonymous-namespace'::detectFullVersion)]
	TRACE: Detect full version of {F60B1927-3BC4-51C5-A978-B3F712E0CEEB} Java installation
[2026/09/11 23:56:18.363, java.exe (PID: 2888, TID: 18948), JavaEnvironment.cpp:213 (`anonymous-namespace'::detectFullVersionFromMsi)]
	TRACE: detectFullVersionFromMsi({F60B1927-3BC4-51C5-A978-B3F712E0CEEB})
[2026/09/11 23:56:18.364, java.exe (PID: 2888, TID: 18948), JavaEnvironment.cpp:481 (`anonymous-namespace'::getInstalledJava)]
	TRACE: InstalledJava(25.0.4+7|25.0.4+7|JDK|64bit|C:\Program Files\Java\jdk-25.0.4|{F60B1927-3BC4-51C5-A978-B3F712E0CEEB}|-10|)
[2026/09/11 23:56:18.366, java.exe (PID: 2888, TID: 18948), JavaEnvironment.cpp:0 (JavaEnvironment::detect)]
	TRACE: Exiting JavaEnvironment::detect (entered at JavaEnvironment.cpp:502)
[2026/09/11 23:56:18.374, java.exe (PID: 2888, TID: 18948), Executor.cpp:706 (Executor2::startProcess)]
	TRACE: CreateProcess(C:\Program Files\Java\jdk-25.0.4\bin\java.exe, "C:\Program Files\Java\jdk-25.0.4\bin\java.exe" -version) succeeded; PID=13448
[2026/09/11 23:56:18.427, java.exe (PID: 2888, TID: 18948), Executor.cpp:667 (Executor2::execAndWait)]
	TRACE: Process with PID=13448 terminated. Exit code=0
[2026/09/11 23:56:18.449, java.exe (PID: 12216, TID: 17344), JavaEnvironment.cpp:502 (JavaEnvironment::detect)]
	TRACE: Entering JavaEnvironment::detect
[2026/09/11 23:56:18.457, java.exe (PID: 12216, TID: 17344), JavaEnvironment.cpp:519 (JavaEnvironment::detect)]
	TRACE: Installed Java detected: version=1.8.0_401; arch=32; productCode={71024AE4-039E-4CA4-87B4-2F32180401F0}; type=0
[2026/09/11 23:56:18.458, java.exe (PID: 12216, TID: 17344), JavaEnvironment.cpp:519 (JavaEnvironment::detect)]
	TRACE: Installed Java detected: version=1.8.0_431; arch=64; productCode={71024AE4-039E-4CA4-87B4-2F64180431F0}; type=0
[2026/09/11 23:56:18.458, java.exe (PID: 12216, TID: 17344), JavaEnvironment.cpp:519 (JavaEnvironment::detect)]
	TRACE: Installed Java detected: version=1.8.0_231; arch=64; productCode={26A24AE4-039D-4CA4-87B4-2F64180231F0}; type=0
[2026/09/11 23:56:18.458, java.exe (PID: 12216, TID: 17344), JavaEnvironment.cpp:519 (JavaEnvironment::detect)]
	TRACE: Installed Java detected: version=1.8.0; arch=64; productCode={64A3A4F4-B792-11D6-A78A-00B0D0180191}; type=1
[2026/09/11 23:56:18.458, java.exe (PID: 12216, TID: 17344), JavaEnvironment.cpp:135 (`anonymous-namespace'::detectHomeDir)]
	TRACE: Find home dir of {64A3A4F4-B792-11D6-A78A-00B0D0180191} Java installation
[2026/09/11 23:56:18.459, java.exe (PID: 12216, TID: 17344), JavaEnvironment.cpp:302 (`anonymous-namespace'::detectFullVersion)]
	TRACE: Detect full version of {64A3A4F4-B792-11D6-A78A-00B0D0180191} Java installation
[2026/09/11 23:56:18.459, java.exe (PID: 12216, TID: 17344), JavaEnvironment.cpp:213 (`anonymous-namespace'::detectFullVersionFromMsi)]
	TRACE: detectFullVersionFromMsi({64A3A4F4-B792-11D6-A78A-00B0D0180191})
[2026/09/11 23:56:18.463, java.exe (PID: 12216, TID: 17344), JavaEnvironment.cpp:481 (`anonymous-namespace'::getInstalledJava)]
	TRACE: InstalledJava(1.8.0_191-b12|1.8.0_191-b12|JDK|64bit|C:\Program Files\Java\jdk1.8.0_191|{64A3A4F4-B792-11D6-A78A-00B0D0180191}|-10|)
[2026/09/11 23:56:18.480, java.exe (PID: 12216, TID: 17344), JavaEnvironment.cpp:519 (JavaEnvironment::detect)]
	TRACE: Installed Java detected: version=; arch=64; productCode={EA8EE85F-62FC-5C6C-A8C7-3D00FCEF5674}; type=1
[2026/09/11 23:56:18.480, java.exe (PID: 12216, TID: 17344), JavaEnvironment.cpp:135 (`anonymous-namespace'::detectHomeDir)]
	TRACE: Find home dir of {EA8EE85F-62FC-5C6C-A8C7-3D00FCEF5674} Java installation
[2026/09/11 23:56:18.480, java.exe (PID: 12216, TID: 17344), JavaEnvironment.cpp:302 (`anonymous-namespace'::detectFullVersion)]
	TRACE: Detect full version of {EA8EE85F-62FC-5C6C-A8C7-3D00FCEF5674} Java installation
[2026/09/11 23:56:18.480, java.exe (PID: 12216, TID: 17344), JavaEnvironment.cpp:213 (`anonymous-namespace'::detectFullVersionFromMsi)]
	TRACE: detectFullVersionFromMsi({EA8EE85F-62FC-5C6C-A8C7-3D00FCEF5674})
[2026/09/11 23:56:18.482, java.exe (PID: 12216, TID: 17344), JavaEnvironment.cpp:481 (`anonymous-namespace'::getInstalledJava)]
	TRACE: InstalledJava(11.0.28+12|11.0.28+12|JDK|64bit|C:\Program Files\Java\jdk-11|{EA8EE85F-62FC-5C6C-A8C7-3D00FCEF5674}|-10|)
[2026/09/11 23:56:18.483, java.exe (PID: 12216, TID: 17344), JavaEnvironment.cpp:519 (JavaEnvironment::detect)]
	TRACE: Installed Java detected: version=; arch=64; productCode={606493F9-D1F1-5355-BB8A-F0E30F1AFFED}; type=1
[2026/09/11 23:56:18.483, java.exe (PID: 12216, TID: 17344), JavaEnvironment.cpp:135 (`anonymous-namespace'::detectHomeDir)]
	TRACE: Find home dir of {606493F9-D1F1-5355-BB8A-F0E30F1AFFED} Java installation
[2026/09/11 23:56:18.483, java.exe (PID: 12216, TID: 17344), JavaEnvironment.cpp:302 (`anonymous-namespace'::detectFullVersion)]
	TRACE: Detect full version of {606493F9-D1F1-5355-BB8A-F0E30F1AFFED} Java installation
[2026/09/11 23:56:18.483, java.exe (PID: 12216, TID: 17344), JavaEnvironment.cpp:213 (`anonymous-namespace'::detectFullVersionFromMsi)]
	TRACE: detectFullVersionFromMsi({606493F9-D1F1-5355-BB8A-F0E30F1AFFED})
[2026/09/11 23:56:18.486, java.exe (PID: 12216, TID: 17344), JavaEnvironment.cpp:481 (`anonymous-namespace'::getInstalledJava)]
	TRACE: InstalledJava(13.0.2+8|13.0.2+8|JDK|64bit|C:\Program Files\Java\jdk-13.0.2|{606493F9-D1F1-5355-BB8A-F0E30F1AFFED}|-10|)
[2026/09/11 23:56:18.487, java.exe (PID: 12216, TID: 17344), JavaEnvironment.cpp:519 (JavaEnvironment::detect)]
	TRACE: Installed Java detected: version=; arch=64; productCode={E04E5624-3CF1-5E84-A439-4D8FAAA05C79}; type=1
[2026/09/11 23:56:18.487, java.exe (PID: 12216, TID: 17344), JavaEnvironment.cpp:135 (`anonymous-namespace'::detectHomeDir)]
	TRACE: Find home dir of {E04E5624-3CF1-5E84-A439-4D8FAAA05C79} Java installation
[2026/09/11 23:56:18.487, java.exe (PID: 12216, TID: 17344), JavaEnvironment.cpp:302 (`anonymous-namespace'::detectFullVersion)]
	TRACE: Detect full version of {E04E5624-3CF1-5E84-A439-4D8FAAA05C79} Java installation
[2026/09/11 23:56:18.488, java.exe (PID: 12216, TID: 17344), JavaEnvironment.cpp:213 (`anonymous-namespace'::detectFullVersionFromMsi)]
	TRACE: detectFullVersionFromMsi({E04E5624-3CF1-5E84-A439-4D8FAAA05C79})
[2026/09/11 23:56:18.489, java.exe (PID: 12216, TID: 17344), JavaEnvironment.cpp:481 (`anonymous-namespace'::getInstalledJava)]
	TRACE: InstalledJava(15+36|15+36|JDK|64bit|C:\Program Files\Java\jdk-15|{E04E5624-3CF1-5E84-A439-4D8FAAA05C79}|-10|)
[2026/09/11 23:56:18.490, java.exe (PID: 12216, TID: 17344), JavaEnvironment.cpp:519 (JavaEnvironment::detect)]
	TRACE: Installed Java detected: version=; arch=64; productCode={DA08718E-972A-58E7-AE7E-C45114C82E13}; type=1
[2026/09/11 23:56:18.490, java.exe (PID: 12216, TID: 17344), JavaEnvironment.cpp:135 (`anonymous-namespace'::detectHomeDir)]
	TRACE: Find home dir of {DA08718E-972A-58E7-AE7E-C45114C82E13} Java installation
[2026/09/11 23:56:18.490, java.exe (PID: 12216, TID: 17344), JavaEnvironment.cpp:302 (`anonymous-namespace'::detectFullVersion)]
	TRACE: Detect full version of {DA08718E-972A-58E7-AE7E-C45114C82E13} Java installation
[2026/09/11 23:56:18.490, java.exe (PID: 12216, TID: 17344), JavaEnvironment.cpp:213 (`anonymous-namespace'::detectFullVersionFromMsi)]
	TRACE: detectFullVersionFromMsi({DA08718E-972A-58E7-AE7E-C45114C82E13})
[2026/09/11 23:56:18.492, java.exe (PID: 12216, TID: 17344), JavaEnvironment.cpp:481 (`anonymous-namespace'::getInstalledJava)]
	TRACE: InstalledJava(17.0.12+8|17.0.12+8|JDK|64bit|C:\Program Files\Java\jdk-17|{DA08718E-972A-58E7-AE7E-C45114C82E13}|-10|)
[2026/09/11 23:56:18.493, java.exe (PID: 12216, TID: 17344), JavaEnvironment.cpp:519 (JavaEnvironment::detect)]
	TRACE: Installed Java detected: version=; arch=64; productCode={D2D0311F-1C55-57CC-95CC-F973FA7660D4}; type=1
[2026/09/11 23:56:18.493, java.exe (PID: 12216, TID: 17344), JavaEnvironment.cpp:135 (`anonymous-namespace'::detectHomeDir)]
	TRACE: Find home dir of {D2D0311F-1C55-57CC-95CC-F973FA7660D4} Java installation
[2026/09/11 23:56:18.493, java.exe (PID: 12216, TID: 17344), JavaEnvironment.cpp:302 (`anonymous-namespace'::detectFullVersion)]
	TRACE: Detect full version of {D2D0311F-1C55-57CC-95CC-F973FA7660D4} Java installation
[2026/09/11 23:56:18.493, java.exe (PID: 12216, TID: 17344), JavaEnvironment.cpp:213 (`anonymous-namespace'::detectFullVersionFromMsi)]
	TRACE: detectFullVersionFromMsi({D2D0311F-1C55-57CC-95CC-F973FA7660D4})
[2026/09/11 23:56:18.495, java.exe (PID: 12216, TID: 17344), JavaEnvironment.cpp:481 (`anonymous-namespace'::getInstalledJava)]
	TRACE: InstalledJava(20.0.2+9|20.0.2+9|JDK|64bit|C:\Program Files\Java\jdk-20|{D2D0311F-1C55-57CC-95CC-F973FA7660D4}|-10|)
[2026/09/11 23:56:18.495, java.exe (PID: 12216, TID: 17344), JavaEnvironment.cpp:519 (JavaEnvironment::detect)]
	TRACE: Installed Java detected: version=; arch=64; productCode={75B0E1AE-DC20-5AC0-A358-61B0256DADBE}; type=1
[2026/09/11 23:56:18.496, java.exe (PID: 12216, TID: 17344), JavaEnvironment.cpp:135 (`anonymous-namespace'::detectHomeDir)]
	TRACE: Find home dir of {75B0E1AE-DC20-5AC0-A358-61B0256DADBE} Java installation
[2026/09/11 23:56:18.496, java.exe (PID: 12216, TID: 17344), JavaEnvironment.cpp:302 (`anonymous-namespace'::detectFullVersion)]
	TRACE: Detect full version of {75B0E1AE-DC20-5AC0-A358-61B0256DADBE} Java installation
[2026/09/11 23:56:18.496, java.exe (PID: 12216, TID: 17344), JavaEnvironment.cpp:213 (`anonymous-namespace'::detectFullVersionFromMsi)]
	TRACE: detectFullVersionFromMsi({75B0E1AE-DC20-5AC0-A358-61B0256DADBE})
[2026/09/11 23:56:18.498, java.exe (PID: 12216, TID: 17344), JavaEnvironment.cpp:481 (`anonymous-namespace'::getInstalledJava)]
	TRACE: InstalledJava(21.0.1+12|21.0.1+12|JDK|64bit|C:\Program Files\Java\jdk-21|{75B0E1AE-DC20-5AC0-A358-61B0256DADBE}|-10|)
[2026/09/11 23:56:18.498, java.exe (PID: 12216, TID: 17344), JavaEnvironment.cpp:519 (JavaEnvironment::detect)]
	TRACE: Installed Java detected: version=; arch=64; productCode={1927BA5F-6CD9-5F60-BBB8-B6A654F98621}; type=1
[2026/09/11 23:56:18.499, java.exe (PID: 12216, TID: 17344), JavaEnvironment.cpp:135 (`anonymous-namespace'::detectHomeDir)]
	TRACE: Find home dir of {1927BA5F-6CD9-5F60-BBB8-B6A654F98621} Java installation
[2026/09/11 23:56:18.499, java.exe (PID: 12216, TID: 17344), JavaEnvironment.cpp:302 (`anonymous-namespace'::detectFullVersion)]
	TRACE: Detect full version of {1927BA5F-6CD9-5F60-BBB8-B6A654F98621} Java installation
[2026/09/11 23:56:18.499, java.exe (PID: 12216, TID: 17344), JavaEnvironment.cpp:213 (`anonymous-namespace'::detectFullVersionFromMsi)]
	TRACE: detectFullVersionFromMsi({1927BA5F-6CD9-5F60-BBB8-B6A654F98621})
[2026/09/11 23:56:18.501, java.exe (PID: 12216, TID: 17344), JavaEnvironment.cpp:481 (`anonymous-namespace'::getInstalledJava)]
	TRACE: InstalledJava(24.0.2+12|24.0.2+12|JDK|64bit|C:\Program Files\Java\jdk-24|{1927BA5F-6CD9-5F60-BBB8-B6A654F98621}|-10|)
[2026/09/11 23:56:18.502, java.exe (PID: 12216, TID: 17344), JavaEnvironment.cpp:519 (JavaEnvironment::detect)]
	TRACE: Installed Java detected: version=; arch=64; productCode={F60B1927-3BC4-51C5-A978-B3F712E0CEEB}; type=1
[2026/09/11 23:56:18.503, java.exe (PID: 12216, TID: 17344), JavaEnvironment.cpp:135 (`anonymous-namespace'::detectHomeDir)]
	TRACE: Find home dir of {F60B1927-3BC4-51C5-A978-B3F712E0CEEB} Java installation
[2026/09/11 23:56:18.504, java.exe (PID: 12216, TID: 17344), JavaEnvironment.cpp:302 (`anonymous-namespace'::detectFullVersion)]
	TRACE: Detect full version of {F60B1927-3BC4-51C5-A978-B3F712E0CEEB} Java installation
[2026/09/11 23:56:18.504, java.exe (PID: 12216, TID: 17344), JavaEnvironment.cpp:213 (`anonymous-namespace'::detectFullVersionFromMsi)]
	TRACE: detectFullVersionFromMsi({F60B1927-3BC4-51C5-A978-B3F712E0CEEB})
[2026/09/11 23:56:18.506, java.exe (PID: 12216, TID: 17344), JavaEnvironment.cpp:481 (`anonymous-namespace'::getInstalledJava)]
	TRACE: InstalledJava(25.0.4+7|25.0.4+7|JDK|64bit|C:\Program Files\Java\jdk-25.0.4|{F60B1927-3BC4-51C5-A978-B3F712E0CEEB}|-10|)
[2026/09/11 23:56:18.507, java.exe (PID: 12216, TID: 17344), JavaEnvironment.cpp:0 (JavaEnvironment::detect)]
	TRACE: Exiting JavaEnvironment::detect (entered at JavaEnvironment.cpp:502)
[2026/09/11 23:56:18.515, java.exe (PID: 12216, TID: 17344), Executor.cpp:706 (Executor2::startProcess)]
	TRACE: CreateProcess(C:\Program Files\Java\jdk-25.0.4\bin\java.exe, "C:\Program Files\Java\jdk-25.0.4\bin\java.exe" -Xmx64m -Xms64m -Dorg.gradle.appname=gradlew -jar C:\Users\alp\Desktop\Latitude-1.20.1-build\\gradle\wrapper\gradle-wrapper.jar "-Dorg.gradle.java.home=C:/Program Files/Java/jdk-17" packageLatitudeJjThunderHybrid --no-daemon) succeeded; PID=5032
[2026/09/11 23:56:32.010, java.exe (PID: 12216, TID: 17344), Executor.cpp:667 (Executor2::execAndWait)]
	TRACE: Process with PID=5032 terminated. Exit code=0
[2026/09/11 23:58:13.838, java.exe (PID: 13936, TID: 22364), JavaEnvironment.cpp:502 (JavaEnvironment::detect)]
	TRACE: Entering JavaEnvironment::detect
[2026/09/11 23:58:13.846, java.exe (PID: 13936, TID: 22364), JavaEnvironment.cpp:519 (JavaEnvironment::detect)]
	TRACE: Installed Java detected: version=1.8.0_401; arch=32; productCode={71024AE4-039E-4CA4-87B4-2F32180401F0}; type=0
[2026/09/11 23:58:13.846, java.exe (PID: 13936, TID: 22364), JavaEnvironment.cpp:519 (JavaEnvironment::detect)]
	TRACE: Installed Java detected: version=1.8.0_431; arch=64; productCode={71024AE4-039E-4CA4-87B4-2F64180431F0}; type=0
[2026/09/11 23:58:13.847, java.exe (PID: 13936, TID: 22364), JavaEnvironment.cpp:519 (JavaEnvironment::detect)]
	TRACE: Installed Java detected: version=1.8.0_231; arch=64; productCode={26A24AE4-039D-4CA4-87B4-2F64180231F0}; type=0
[2026/09/11 23:58:13.847, java.exe (PID: 13936, TID: 22364), JavaEnvironment.cpp:519 (JavaEnvironment::detect)]
	TRACE: Installed Java detected: version=1.8.0; arch=64; productCode={64A3A4F4-B792-11D6-A78A-00B0D0180191}; type=1
[2026/09/11 23:58:13.847, java.exe (PID: 13936, TID: 22364), JavaEnvironment.cpp:135 (`anonymous-namespace'::detectHomeDir)]
	TRACE: Find home dir of {64A3A4F4-B792-11D6-A78A-00B0D0180191} Java installation
[2026/09/11 23:58:13.847, java.exe (PID: 13936, TID: 22364), JavaEnvironment.cpp:302 (`anonymous-namespace'::detectFullVersion)]
	TRACE: Detect full version of {64A3A4F4-B792-11D6-A78A-00B0D0180191} Java installation
[2026/09/11 23:58:13.848, java.exe (PID: 13936, TID: 22364), JavaEnvironment.cpp:213 (`anonymous-namespace'::detectFullVersionFromMsi)]
	TRACE: detectFullVersionFromMsi({64A3A4F4-B792-11D6-A78A-00B0D0180191})
[2026/09/11 23:58:13.853, java.exe (PID: 13936, TID: 22364), JavaEnvironment.cpp:481 (`anonymous-namespace'::getInstalledJava)]
	TRACE: InstalledJava(1.8.0_191-b12|1.8.0_191-b12|JDK|64bit|C:\Program Files\Java\jdk1.8.0_191|{64A3A4F4-B792-11D6-A78A-00B0D0180191}|-10|)
[2026/09/11 23:58:13.868, java.exe (PID: 13936, TID: 22364), JavaEnvironment.cpp:519 (JavaEnvironment::detect)]
	TRACE: Installed Java detected: version=; arch=64; productCode={EA8EE85F-62FC-5C6C-A8C7-3D00FCEF5674}; type=1
[2026/09/11 23:58:13.868, java.exe (PID: 13936, TID: 22364), JavaEnvironment.cpp:135 (`anonymous-namespace'::detectHomeDir)]
	TRACE: Find home dir of {EA8EE85F-62FC-5C6C-A8C7-3D00FCEF5674} Java installation
[2026/09/11 23:58:13.868, java.exe (PID: 13936, TID: 22364), JavaEnvironment.cpp:302 (`anonymous-namespace'::detectFullVersion)]
	TRACE: Detect full version of {EA8EE85F-62FC-5C6C-A8C7-3D00FCEF5674} Java installation
[2026/09/11 23:58:13.869, java.exe (PID: 13936, TID: 22364), JavaEnvironment.cpp:213 (`anonymous-namespace'::detectFullVersionFromMsi)]
	TRACE: detectFullVersionFromMsi({EA8EE85F-62FC-5C6C-A8C7-3D00FCEF5674})
[2026/09/11 23:58:13.871, java.exe (PID: 13936, TID: 22364), JavaEnvironment.cpp:481 (`anonymous-namespace'::getInstalledJava)]
	TRACE: InstalledJava(11.0.28+12|11.0.28+12|JDK|64bit|C:\Program Files\Java\jdk-11|{EA8EE85F-62FC-5C6C-A8C7-3D00FCEF5674}|-10|)
[2026/09/11 23:58:13.872, java.exe (PID: 13936, TID: 22364), JavaEnvironment.cpp:519 (JavaEnvironment::detect)]
	TRACE: Installed Java detected: version=; arch=64; productCode={606493F9-D1F1-5355-BB8A-F0E30F1AFFED}; type=1
[2026/09/11 23:58:13.873, java.exe (PID: 13936, TID: 22364), JavaEnvironment.cpp:135 (`anonymous-namespace'::detectHomeDir)]
	TRACE: Find home dir of {606493F9-D1F1-5355-BB8A-F0E30F1AFFED} Java installation
[2026/09/11 23:58:13.873, java.exe (PID: 13936, TID: 22364), JavaEnvironment.cpp:302 (`anonymous-namespace'::detectFullVersion)]
	TRACE: Detect full version of {606493F9-D1F1-5355-BB8A-F0E30F1AFFED} Java installation
[2026/09/11 23:58:13.873, java.exe (PID: 13936, TID: 22364), JavaEnvironment.cpp:213 (`anonymous-namespace'::detectFullVersionFromMsi)]
	TRACE: detectFullVersionFromMsi({606493F9-D1F1-5355-BB8A-F0E30F1AFFED})
[2026/09/11 23:58:13.875, java.exe (PID: 13936, TID: 22364), JavaEnvironment.cpp:481 (`anonymous-namespace'::getInstalledJava)]
	TRACE: InstalledJava(13.0.2+8|13.0.2+8|JDK|64bit|C:\Program Files\Java\jdk-13.0.2|{606493F9-D1F1-5355-BB8A-F0E30F1AFFED}|-10|)
[2026/09/11 23:58:13.876, java.exe (PID: 13936, TID: 22364), JavaEnvironment.cpp:519 (JavaEnvironment::detect)]
	TRACE: Installed Java detected: version=; arch=64; productCode={E04E5624-3CF1-5E84-A439-4D8FAAA05C79}; type=1
[2026/09/11 23:58:13.876, java.exe (PID: 13936, TID: 22364), JavaEnvironment.cpp:135 (`anonymous-namespace'::detectHomeDir)]
	TRACE: Find home dir of {E04E5624-3CF1-5E84-A439-4D8FAAA05C79} Java installation
[2026/09/11 23:58:13.876, java.exe (PID: 13936, TID: 22364), JavaEnvironment.cpp:302 (`anonymous-namespace'::detectFullVersion)]
	TRACE: Detect full version of {E04E5624-3CF1-5E84-A439-4D8FAAA05C79} Java installation
[2026/09/11 23:58:13.876, java.exe (PID: 13936, TID: 22364), JavaEnvironment.cpp:213 (`anonymous-namespace'::detectFullVersionFromMsi)]
	TRACE: detectFullVersionFromMsi({E04E5624-3CF1-5E84-A439-4D8FAAA05C79})
[2026/09/11 23:58:13.878, java.exe (PID: 13936, TID: 22364), JavaEnvironment.cpp:481 (`anonymous-namespace'::getInstalledJava)]
	TRACE: InstalledJava(15+36|15+36|JDK|64bit|C:\Program Files\Java\jdk-15|{E04E5624-3CF1-5E84-A439-4D8FAAA05C79}|-10|)
[2026/09/11 23:58:13.878, java.exe (PID: 13936, TID: 22364), JavaEnvironment.cpp:519 (JavaEnvironment::detect)]
	TRACE: Installed Java detected: version=; arch=64; productCode={DA08718E-972A-58E7-AE7E-C45114C82E13}; type=1
[2026/09/11 23:58:13.879, java.exe (PID: 13936, TID: 22364), JavaEnvironment.cpp:135 (`anonymous-namespace'::detectHomeDir)]
	TRACE: Find home dir of {DA08718E-972A-58E7-AE7E-C45114C82E13} Java installation
[2026/09/11 23:58:13.879, java.exe (PID: 13936, TID: 22364), JavaEnvironment.cpp:302 (`anonymous-namespace'::detectFullVersion)]
	TRACE: Detect full version of {DA08718E-972A-58E7-AE7E-C45114C82E13} Java installation
[2026/09/11 23:58:13.879, java.exe (PID: 13936, TID: 22364), JavaEnvironment.cpp:213 (`anonymous-namespace'::detectFullVersionFromMsi)]
	TRACE: detectFullVersionFromMsi({DA08718E-972A-58E7-AE7E-C45114C82E13})
[2026/09/11 23:58:13.881, java.exe (PID: 13936, TID: 22364), JavaEnvironment.cpp:481 (`anonymous-namespace'::getInstalledJava)]
	TRACE: InstalledJava(17.0.12+8|17.0.12+8|JDK|64bit|C:\Program Files\Java\jdk-17|{DA08718E-972A-58E7-AE7E-C45114C82E13}|-10|)
[2026/09/11 23:58:13.881, java.exe (PID: 13936, TID: 22364), JavaEnvironment.cpp:519 (JavaEnvironment::detect)]
	TRACE: Installed Java detected: version=; arch=64; productCode={D2D0311F-1C55-57CC-95CC-F973FA7660D4}; type=1
[2026/09/11 23:58:13.881, java.exe (PID: 13936, TID: 22364), JavaEnvironment.cpp:135 (`anonymous-namespace'::detectHomeDir)]
	TRACE: Find home dir of {D2D0311F-1C55-57CC-95CC-F973FA7660D4} Java installation
[2026/09/11 23:58:13.882, java.exe (PID: 13936, TID: 22364), JavaEnvironment.cpp:302 (`anonymous-namespace'::detectFullVersion)]
	TRACE: Detect full version of {D2D0311F-1C55-57CC-95CC-F973FA7660D4} Java installation
[2026/09/11 23:58:13.882, java.exe (PID: 13936, TID: 22364), JavaEnvironment.cpp:213 (`anonymous-namespace'::detectFullVersionFromMsi)]
	TRACE: detectFullVersionFromMsi({D2D0311F-1C55-57CC-95CC-F973FA7660D4})
[2026/09/11 23:58:13.883, java.exe (PID: 13936, TID: 22364), JavaEnvironment.cpp:481 (`anonymous-namespace'::getInstalledJava)]
	TRACE: InstalledJava(20.0.2+9|20.0.2+9|JDK|64bit|C:\Program Files\Java\jdk-20|{D2D0311F-1C55-57CC-95CC-F973FA7660D4}|-10|)
[2026/09/11 23:58:13.884, java.exe (PID: 13936, TID: 22364), JavaEnvironment.cpp:519 (JavaEnvironment::detect)]
	TRACE: Installed Java detected: version=; arch=64; productCode={75B0E1AE-DC20-5AC0-A358-61B0256DADBE}; type=1
[2026/09/11 23:58:13.884, java.exe (PID: 13936, TID: 22364), JavaEnvironment.cpp:135 (`anonymous-namespace'::detectHomeDir)]
	TRACE: Find home dir of {75B0E1AE-DC20-5AC0-A358-61B0256DADBE} Java installation
[2026/09/11 23:58:13.884, java.exe (PID: 13936, TID: 22364), JavaEnvironment.cpp:302 (`anonymous-namespace'::detectFullVersion)]
	TRACE: Detect full version of {75B0E1AE-DC20-5AC0-A358-61B0256DADBE} Java installation
[2026/09/11 23:58:13.884, java.exe (PID: 13936, TID: 22364), JavaEnvironment.cpp:213 (`anonymous-namespace'::detectFullVersionFromMsi)]
	TRACE: detectFullVersionFromMsi({75B0E1AE-DC20-5AC0-A358-61B0256DADBE})
[2026/09/11 23:58:13.886, java.exe (PID: 13936, TID: 22364), JavaEnvironment.cpp:481 (`anonymous-namespace'::getInstalledJava)]
	TRACE: InstalledJava(21.0.1+12|21.0.1+12|JDK|64bit|C:\Program Files\Java\jdk-21|{75B0E1AE-DC20-5AC0-A358-61B0256DADBE}|-10|)
[2026/09/11 23:58:13.886, java.exe (PID: 13936, TID: 22364), JavaEnvironment.cpp:519 (JavaEnvironment::detect)]
	TRACE: Installed Java detected: version=; arch=64; productCode={1927BA5F-6CD9-5F60-BBB8-B6A654F98621}; type=1
[2026/09/11 23:58:13.887, java.exe (PID: 13936, TID: 22364), JavaEnvironment.cpp:135 (`anonymous-namespace'::detectHomeDir)]
	TRACE: Find home dir of {1927BA5F-6CD9-5F60-BBB8-B6A654F98621} Java installation
[2026/09/11 23:58:13.887, java.exe (PID: 13936, TID: 22364), JavaEnvironment.cpp:302 (`anonymous-namespace'::detectFullVersion)]
	TRACE: Detect full version of {1927BA5F-6CD9-5F60-BBB8-B6A654F98621} Java installation
[2026/09/11 23:58:13.887, java.exe (PID: 13936, TID: 22364), JavaEnvironment.cpp:213 (`anonymous-namespace'::detectFullVersionFromMsi)]
	TRACE: detectFullVersionFromMsi({1927BA5F-6CD9-5F60-BBB8-B6A654F98621})
[2026/09/11 23:58:13.889, java.exe (PID: 13936, TID: 22364), JavaEnvironment.cpp:481 (`anonymous-namespace'::getInstalledJava)]
	TRACE: InstalledJava(24.0.2+12|24.0.2+12|JDK|64bit|C:\Program Files\Java\jdk-24|{1927BA5F-6CD9-5F60-BBB8-B6A654F98621}|-10|)
[2026/09/11 23:58:13.890, java.exe (PID: 13936, TID: 22364), JavaEnvironment.cpp:519 (JavaEnvironment::detect)]
	TRACE: Installed Java detected: version=; arch=64; productCode={F60B1927-3BC4-51C5-A978-B3F712E0CEEB}; type=1
[2026/09/11 23:58:13.890, java.exe (PID: 13936, TID: 22364), JavaEnvironment.cpp:135 (`anonymous-namespace'::detectHomeDir)]
	TRACE: Find home dir of {F60B1927-3BC4-51C5-A978-B3F712E0CEEB} Java installation
[2026/09/11 23:58:13.891, java.exe (PID: 13936, TID: 22364), JavaEnvironment.cpp:302 (`anonymous-namespace'::detectFullVersion)]
	TRACE: Detect full version of {F60B1927-3BC4-51C5-A978-B3F712E0CEEB} Java installation
[2026/09/11 23:58:13.896, java.exe (PID: 13936, TID: 22364), JavaEnvironment.cpp:213 (`anonymous-namespace'::detectFullVersionFromMsi)]
	TRACE: detectFullVersionFromMsi({F60B1927-3BC4-51C5-A978-B3F712E0CEEB})
[2026/09/11 23:58:13.899, java.exe (PID: 13936, TID: 22364), JavaEnvironment.cpp:481 (`anonymous-namespace'::getInstalledJava)]
	TRACE: InstalledJava(25.0.4+7|25.0.4+7|JDK|64bit|C:\Program Files\Java\jdk-25.0.4|{F60B1927-3BC4-51C5-A978-B3F712E0CEEB}|-10|)
[2026/09/11 23:58:13.902, java.exe (PID: 13936, TID: 22364), JavaEnvironment.cpp:0 (JavaEnvironment::detect)]
	TRACE: Exiting JavaEnvironment::detect (entered at JavaEnvironment.cpp:502)
[2026/09/11 23:58:13.918, java.exe (PID: 13936, TID: 22364), Executor.cpp:706 (Executor2::startProcess)]
	TRACE: CreateProcess(C:\Program Files\Java\jdk-25.0.4\bin\java.exe, "C:\Program Files\Java\jdk-25.0.4\bin\java.exe" -version) succeeded; PID=20880
[2026/09/11 23:58:13.981, java.exe (PID: 13936, TID: 22364), Executor.cpp:667 (Executor2::execAndWait)]
	TRACE: Process with PID=20880 terminated. Exit code=0
[2026/09/11 23:58:14.001, java.exe (PID: 5204, TID: 14772), JavaEnvironment.cpp:502 (JavaEnvironment::detect)]
	TRACE: Entering JavaEnvironment::detect
[2026/09/11 23:58:14.008, java.exe (PID: 5204, TID: 14772), JavaEnvironment.cpp:519 (JavaEnvironment::detect)]
	TRACE: Installed Java detected: version=1.8.0_401; arch=32; productCode={71024AE4-039E-4CA4-87B4-2F32180401F0}; type=0
[2026/09/11 23:58:14.008, java.exe (PID: 5204, TID: 14772), JavaEnvironment.cpp:519 (JavaEnvironment::detect)]
	TRACE: Installed Java detected: version=1.8.0_431; arch=64; productCode={71024AE4-039E-4CA4-87B4-2F64180431F0}; type=0
[2026/09/11 23:58:14.009, java.exe (PID: 5204, TID: 14772), JavaEnvironment.cpp:519 (JavaEnvironment::detect)]
	TRACE: Installed Java detected: version=1.8.0_231; arch=64; productCode={26A24AE4-039D-4CA4-87B4-2F64180231F0}; type=0
[2026/09/11 23:58:14.009, java.exe (PID: 5204, TID: 14772), JavaEnvironment.cpp:519 (JavaEnvironment::detect)]
	TRACE: Installed Java detected: version=1.8.0; arch=64; productCode={64A3A4F4-B792-11D6-A78A-00B0D0180191}; type=1
[2026/09/11 23:58:14.009, java.exe (PID: 5204, TID: 14772), JavaEnvironment.cpp:135 (`anonymous-namespace'::detectHomeDir)]
	TRACE: Find home dir of {64A3A4F4-B792-11D6-A78A-00B0D0180191} Java installation
[2026/09/11 23:58:14.009, java.exe (PID: 5204, TID: 14772), JavaEnvironment.cpp:302 (`anonymous-namespace'::detectFullVersion)]
	TRACE: Detect full version of {64A3A4F4-B792-11D6-A78A-00B0D0180191} Java installation
[2026/09/11 23:58:14.010, java.exe (PID: 5204, TID: 14772), JavaEnvironment.cpp:213 (`anonymous-namespace'::detectFullVersionFromMsi)]
	TRACE: detectFullVersionFromMsi({64A3A4F4-B792-11D6-A78A-00B0D0180191})
[2026/09/11 23:58:14.014, java.exe (PID: 5204, TID: 14772), JavaEnvironment.cpp:481 (`anonymous-namespace'::getInstalledJava)]
	TRACE: InstalledJava(1.8.0_191-b12|1.8.0_191-b12|JDK|64bit|C:\Program Files\Java\jdk1.8.0_191|{64A3A4F4-B792-11D6-A78A-00B0D0180191}|-10|)
[2026/09/11 23:58:14.029, java.exe (PID: 5204, TID: 14772), JavaEnvironment.cpp:519 (JavaEnvironment::detect)]
	TRACE: Installed Java detected: version=; arch=64; productCode={EA8EE85F-62FC-5C6C-A8C7-3D00FCEF5674}; type=1
[2026/09/11 23:58:14.030, java.exe (PID: 5204, TID: 14772), JavaEnvironment.cpp:135 (`anonymous-namespace'::detectHomeDir)]
	TRACE: Find home dir of {EA8EE85F-62FC-5C6C-A8C7-3D00FCEF5674} Java installation
[2026/09/11 23:58:14.030, java.exe (PID: 5204, TID: 14772), JavaEnvironment.cpp:302 (`anonymous-namespace'::detectFullVersion)]
	TRACE: Detect full version of {EA8EE85F-62FC-5C6C-A8C7-3D00FCEF5674} Java installation
[2026/09/11 23:58:14.030, java.exe (PID: 5204, TID: 14772), JavaEnvironment.cpp:213 (`anonymous-namespace'::detectFullVersionFromMsi)]
	TRACE: detectFullVersionFromMsi({EA8EE85F-62FC-5C6C-A8C7-3D00FCEF5674})
[2026/09/11 23:58:14.032, java.exe (PID: 5204, TID: 14772), JavaEnvironment.cpp:481 (`anonymous-namespace'::getInstalledJava)]
	TRACE: InstalledJava(11.0.28+12|11.0.28+12|JDK|64bit|C:\Program Files\Java\jdk-11|{EA8EE85F-62FC-5C6C-A8C7-3D00FCEF5674}|-10|)
[2026/09/11 23:58:14.032, java.exe (PID: 5204, TID: 14772), JavaEnvironment.cpp:519 (JavaEnvironment::detect)]
	TRACE: Installed Java detected: version=; arch=64; productCode={606493F9-D1F1-5355-BB8A-F0E30F1AFFED}; type=1
[2026/09/11 23:58:14.033, java.exe (PID: 5204, TID: 14772), JavaEnvironment.cpp:135 (`anonymous-namespace'::detectHomeDir)]
	TRACE: Find home dir of {606493F9-D1F1-5355-BB8A-F0E30F1AFFED} Java installation
[2026/09/11 23:58:14.033, java.exe (PID: 5204, TID: 14772), JavaEnvironment.cpp:302 (`anonymous-namespace'::detectFullVersion)]
	TRACE: Detect full version of {606493F9-D1F1-5355-BB8A-F0E30F1AFFED} Java installation
[2026/09/11 23:58:14.033, java.exe (PID: 5204, TID: 14772), JavaEnvironment.cpp:213 (`anonymous-namespace'::detectFullVersionFromMsi)]
	TRACE: detectFullVersionFromMsi({606493F9-D1F1-5355-BB8A-F0E30F1AFFED})
[2026/09/11 23:58:14.035, java.exe (PID: 5204, TID: 14772), JavaEnvironment.cpp:481 (`anonymous-namespace'::getInstalledJava)]
	TRACE: InstalledJava(13.0.2+8|13.0.2+8|JDK|64bit|C:\Program Files\Java\jdk-13.0.2|{606493F9-D1F1-5355-BB8A-F0E30F1AFFED}|-10|)
[2026/09/11 23:58:14.035, java.exe (PID: 5204, TID: 14772), JavaEnvironment.cpp:519 (JavaEnvironment::detect)]
	TRACE: Installed Java detected: version=; arch=64; productCode={E04E5624-3CF1-5E84-A439-4D8FAAA05C79}; type=1
[2026/09/11 23:58:14.035, java.exe (PID: 5204, TID: 14772), JavaEnvironment.cpp:135 (`anonymous-namespace'::detectHomeDir)]
	TRACE: Find home dir of {E04E5624-3CF1-5E84-A439-4D8FAAA05C79} Java installation
[2026/09/11 23:58:14.036, java.exe (PID: 5204, TID: 14772), JavaEnvironment.cpp:302 (`anonymous-namespace'::detectFullVersion)]
	TRACE: Detect full version of {E04E5624-3CF1-5E84-A439-4D8FAAA05C79} Java installation
[2026/09/11 23:58:14.036, java.exe (PID: 5204, TID: 14772), JavaEnvironment.cpp:213 (`anonymous-namespace'::detectFullVersionFromMsi)]
	TRACE: detectFullVersionFromMsi({E04E5624-3CF1-5E84-A439-4D8FAAA05C79})
[2026/09/11 23:58:14.038, java.exe (PID: 5204, TID: 14772), JavaEnvironment.cpp:481 (`anonymous-namespace'::getInstalledJava)]
	TRACE: InstalledJava(15+36|15+36|JDK|64bit|C:\Program Files\Java\jdk-15|{E04E5624-3CF1-5E84-A439-4D8FAAA05C79}|-10|)
[2026/09/11 23:58:14.038, java.exe (PID: 5204, TID: 14772), JavaEnvironment.cpp:519 (JavaEnvironment::detect)]
	TRACE: Installed Java detected: version=; arch=64; productCode={DA08718E-972A-58E7-AE7E-C45114C82E13}; type=1
[2026/09/11 23:58:14.039, java.exe (PID: 5204, TID: 14772), JavaEnvironment.cpp:135 (`anonymous-namespace'::detectHomeDir)]
	TRACE: Find home dir of {DA08718E-972A-58E7-AE7E-C45114C82E13} Java installation
[2026/09/11 23:58:14.039, java.exe (PID: 5204, TID: 14772), JavaEnvironment.cpp:302 (`anonymous-namespace'::detectFullVersion)]
	TRACE: Detect full version of {DA08718E-972A-58E7-AE7E-C45114C82E13} Java installation
[2026/09/11 23:58:14.039, java.exe (PID: 5204, TID: 14772), JavaEnvironment.cpp:213 (`anonymous-namespace'::detectFullVersionFromMsi)]
	TRACE: detectFullVersionFromMsi({DA08718E-972A-58E7-AE7E-C45114C82E13})
[2026/09/11 23:58:14.041, java.exe (PID: 5204, TID: 14772), JavaEnvironment.cpp:481 (`anonymous-namespace'::getInstalledJava)]
	TRACE: InstalledJava(17.0.12+8|17.0.12+8|JDK|64bit|C:\Program Files\Java\jdk-17|{DA08718E-972A-58E7-AE7E-C45114C82E13}|-10|)
[2026/09/11 23:58:14.042, java.exe (PID: 5204, TID: 14772), JavaEnvironment.cpp:519 (JavaEnvironment::detect)]
	TRACE: Installed Java detected: version=; arch=64; productCode={D2D0311F-1C55-57CC-95CC-F973FA7660D4}; type=1
[2026/09/11 23:58:14.042, java.exe (PID: 5204, TID: 14772), JavaEnvironment.cpp:135 (`anonymous-namespace'::detectHomeDir)]
	TRACE: Find home dir of {D2D0311F-1C55-57CC-95CC-F973FA7660D4} Java installation
[2026/09/11 23:58:14.042, java.exe (PID: 5204, TID: 14772), JavaEnvironment.cpp:302 (`anonymous-namespace'::detectFullVersion)]
	TRACE: Detect full version of {D2D0311F-1C55-57CC-95CC-F973FA7660D4} Java installation
[2026/09/11 23:58:14.042, java.exe (PID: 5204, TID: 14772), JavaEnvironment.cpp:213 (`anonymous-namespace'::detectFullVersionFromMsi)]
	TRACE: detectFullVersionFromMsi({D2D0311F-1C55-57CC-95CC-F973FA7660D4})
[2026/09/11 23:58:14.044, java.exe (PID: 5204, TID: 14772), JavaEnvironment.cpp:481 (`anonymous-namespace'::getInstalledJava)]
	TRACE: InstalledJava(20.0.2+9|20.0.2+9|JDK|64bit|C:\Program Files\Java\jdk-20|{D2D0311F-1C55-57CC-95CC-F973FA7660D4}|-10|)
[2026/09/11 23:58:14.044, java.exe (PID: 5204, TID: 14772), JavaEnvironment.cpp:519 (JavaEnvironment::detect)]
	TRACE: Installed Java detected: version=; arch=64; productCode={75B0E1AE-DC20-5AC0-A358-61B0256DADBE}; type=1
[2026/09/11 23:58:14.044, java.exe (PID: 5204, TID: 14772), JavaEnvironment.cpp:135 (`anonymous-namespace'::detectHomeDir)]
	TRACE: Find home dir of {75B0E1AE-DC20-5AC0-A358-61B0256DADBE} Java installation
[2026/09/11 23:58:14.045, java.exe (PID: 5204, TID: 14772), JavaEnvironment.cpp:302 (`anonymous-namespace'::detectFullVersion)]
	TRACE: Detect full version of {75B0E1AE-DC20-5AC0-A358-61B0256DADBE} Java installation
[2026/09/11 23:58:14.045, java.exe (PID: 5204, TID: 14772), JavaEnvironment.cpp:213 (`anonymous-namespace'::detectFullVersionFromMsi)]
	TRACE: detectFullVersionFromMsi({75B0E1AE-DC20-5AC0-A358-61B0256DADBE})
[2026/09/11 23:58:14.046, java.exe (PID: 5204, TID: 14772), JavaEnvironment.cpp:481 (`anonymous-namespace'::getInstalledJava)]
	TRACE: InstalledJava(21.0.1+12|21.0.1+12|JDK|64bit|C:\Program Files\Java\jdk-21|{75B0E1AE-DC20-5AC0-A358-61B0256DADBE}|-10|)
[2026/09/11 23:58:14.047, java.exe (PID: 5204, TID: 14772), JavaEnvironment.cpp:519 (JavaEnvironment::detect)]
	TRACE: Installed Java detected: version=; arch=64; productCode={1927BA5F-6CD9-5F60-BBB8-B6A654F98621}; type=1
[2026/09/11 23:58:14.047, java.exe (PID: 5204, TID: 14772), JavaEnvironment.cpp:135 (`anonymous-namespace'::detectHomeDir)]
	TRACE: Find home dir of {1927BA5F-6CD9-5F60-BBB8-B6A654F98621} Java installation
[2026/09/11 23:58:14.047, java.exe (PID: 5204, TID: 14772), JavaEnvironment.cpp:302 (`anonymous-namespace'::detectFullVersion)]
	TRACE: Detect full version of {1927BA5F-6CD9-5F60-BBB8-B6A654F98621} Java installation
[2026/09/11 23:58:14.047, java.exe (PID: 5204, TID: 14772), JavaEnvironment.cpp:213 (`anonymous-namespace'::detectFullVersionFromMsi)]
	TRACE: detectFullVersionFromMsi({1927BA5F-6CD9-5F60-BBB8-B6A654F98621})
[2026/09/11 23:58:14.049, java.exe (PID: 5204, TID: 14772), JavaEnvironment.cpp:481 (`anonymous-namespace'::getInstalledJava)]
	TRACE: InstalledJava(24.0.2+12|24.0.2+12|JDK|64bit|C:\Program Files\Java\jdk-24|{1927BA5F-6CD9-5F60-BBB8-B6A654F98621}|-10|)
[2026/09/11 23:58:14.049, java.exe (PID: 5204, TID: 14772), JavaEnvironment.cpp:519 (JavaEnvironment::detect)]
	TRACE: Installed Java detected: version=; arch=64; productCode={F60B1927-3BC4-51C5-A978-B3F712E0CEEB}; type=1
[2026/09/11 23:58:14.049, java.exe (PID: 5204, TID: 14772), JavaEnvironment.cpp:135 (`anonymous-namespace'::detectHomeDir)]
	TRACE: Find home dir of {F60B1927-3BC4-51C5-A978-B3F712E0CEEB} Java installation
[2026/09/11 23:58:14.050, java.exe (PID: 5204, TID: 14772), JavaEnvironment.cpp:302 (`anonymous-namespace'::detectFullVersion)]
	TRACE: Detect full version of {F60B1927-3BC4-51C5-A978-B3F712E0CEEB} Java installation
[2026/09/11 23:58:14.050, java.exe (PID: 5204, TID: 14772), JavaEnvironment.cpp:213 (`anonymous-namespace'::detectFullVersionFromMsi)]
	TRACE: detectFullVersionFromMsi({F60B1927-3BC4-51C5-A978-B3F712E0CEEB})
[2026/09/11 23:58:14.051, java.exe (PID: 5204, TID: 14772), JavaEnvironment.cpp:481 (`anonymous-namespace'::getInstalledJava)]
	TRACE: InstalledJava(25.0.4+7|25.0.4+7|JDK|64bit|C:\Program Files\Java\jdk-25.0.4|{F60B1927-3BC4-51C5-A978-B3F712E0CEEB}|-10|)
[2026/09/11 23:58:14.053, java.exe (PID: 5204, TID: 14772), JavaEnvironment.cpp:0 (JavaEnvironment::detect)]
	TRACE: Exiting JavaEnvironment::detect (entered at JavaEnvironment.cpp:502)
[2026/09/11 23:58:14.061, java.exe (PID: 5204, TID: 14772), Executor.cpp:706 (Executor2::startProcess)]
	TRACE: CreateProcess(C:\Program Files\Java\jdk-25.0.4\bin\java.exe, "C:\Program Files\Java\jdk-25.0.4\bin\java.exe" -Xmx64m -Xms64m -Dorg.gradle.appname=gradlew -jar C:\Users\alp\Desktop\Latitude-1.20.1-build\\gradle\wrapper\gradle-wrapper.jar "-Dorg.gradle.java.home=C:/Program Files/Java/jdk-17" clean build --no-daemon) succeeded; PID=1956
[2026/09/11 23:58:43.927, java.exe (PID: 5204, TID: 14772), Executor.cpp:667 (Executor2::execAndWait)]
	TRACE: Process with PID=1956 terminated. Exit code=0
[2026/09/11 23:58:50.849, java.exe (PID: 3088, TID: 1332), JavaEnvironment.cpp:502 (JavaEnvironment::detect)]
	TRACE: Entering JavaEnvironment::detect
[2026/09/11 23:58:50.855, java.exe (PID: 3088, TID: 1332), JavaEnvironment.cpp:519 (JavaEnvironment::detect)]
	TRACE: Installed Java detected: version=1.8.0_401; arch=32; productCode={71024AE4-039E-4CA4-87B4-2F32180401F0}; type=0
[2026/09/11 23:58:50.855, java.exe (PID: 3088, TID: 1332), JavaEnvironment.cpp:519 (JavaEnvironment::detect)]
	TRACE: Installed Java detected: version=1.8.0_431; arch=64; productCode={71024AE4-039E-4CA4-87B4-2F64180431F0}; type=0
[2026/09/11 23:58:50.856, java.exe (PID: 3088, TID: 1332), JavaEnvironment.cpp:519 (JavaEnvironment::detect)]
	TRACE: Installed Java detected: version=1.8.0_231; arch=64; productCode={26A24AE4-039D-4CA4-87B4-2F64180231F0}; type=0
[2026/09/11 23:58:50.856, java.exe (PID: 3088, TID: 1332), JavaEnvironment.cpp:519 (JavaEnvironment::detect)]
	TRACE: Installed Java detected: version=1.8.0; arch=64; productCode={64A3A4F4-B792-11D6-A78A-00B0D0180191}; type=1
[2026/09/11 23:58:50.856, java.exe (PID: 3088, TID: 1332), JavaEnvironment.cpp:135 (`anonymous-namespace'::detectHomeDir)]
	TRACE: Find home dir of {64A3A4F4-B792-11D6-A78A-00B0D0180191} Java installation
[2026/09/11 23:58:50.857, java.exe (PID: 3088, TID: 1332), JavaEnvironment.cpp:302 (`anonymous-namespace'::detectFullVersion)]
	TRACE: Detect full version of {64A3A4F4-B792-11D6-A78A-00B0D0180191} Java installation
[2026/09/11 23:58:50.857, java.exe (PID: 3088, TID: 1332), JavaEnvironment.cpp:213 (`anonymous-namespace'::detectFullVersionFromMsi)]
	TRACE: detectFullVersionFromMsi({64A3A4F4-B792-11D6-A78A-00B0D0180191})
[2026/09/11 23:58:50.862, java.exe (PID: 3088, TID: 1332), JavaEnvironment.cpp:481 (`anonymous-namespace'::getInstalledJava)]
	TRACE: InstalledJava(1.8.0_191-b12|1.8.0_191-b12|JDK|64bit|C:\Program Files\Java\jdk1.8.0_191|{64A3A4F4-B792-11D6-A78A-00B0D0180191}|-10|)
[2026/09/11 23:58:50.876, java.exe (PID: 3088, TID: 1332), JavaEnvironment.cpp:519 (JavaEnvironment::detect)]
	TRACE: Installed Java detected: version=; arch=64; productCode={EA8EE85F-62FC-5C6C-A8C7-3D00FCEF5674}; type=1
[2026/09/11 23:58:50.876, java.exe (PID: 3088, TID: 1332), JavaEnvironment.cpp:135 (`anonymous-namespace'::detectHomeDir)]
	TRACE: Find home dir of {EA8EE85F-62FC-5C6C-A8C7-3D00FCEF5674} Java installation
[2026/09/11 23:58:50.877, java.exe (PID: 3088, TID: 1332), JavaEnvironment.cpp:302 (`anonymous-namespace'::detectFullVersion)]
	TRACE: Detect full version of {EA8EE85F-62FC-5C6C-A8C7-3D00FCEF5674} Java installation
[2026/09/11 23:58:50.877, java.exe (PID: 3088, TID: 1332), JavaEnvironment.cpp:213 (`anonymous-namespace'::detectFullVersionFromMsi)]
	TRACE: detectFullVersionFromMsi({EA8EE85F-62FC-5C6C-A8C7-3D00FCEF5674})
[2026/09/11 23:58:50.879, java.exe (PID: 3088, TID: 1332), JavaEnvironment.cpp:481 (`anonymous-namespace'::getInstalledJava)]
	TRACE: InstalledJava(11.0.28+12|11.0.28+12|JDK|64bit|C:\Program Files\Java\jdk-11|{EA8EE85F-62FC-5C6C-A8C7-3D00FCEF5674}|-10|)
[2026/09/11 23:58:50.879, java.exe (PID: 3088, TID: 1332), JavaEnvironment.cpp:519 (JavaEnvironment::detect)]
	TRACE: Installed Java detected: version=; arch=64; productCode={606493F9-D1F1-5355-BB8A-F0E30F1AFFED}; type=1
[2026/09/11 23:58:50.879, java.exe (PID: 3088, TID: 1332), JavaEnvironment.cpp:135 (`anonymous-namespace'::detectHomeDir)]
	TRACE: Find home dir of {606493F9-D1F1-5355-BB8A-F0E30F1AFFED} Java installation
[2026/09/11 23:58:50.879, java.exe (PID: 3088, TID: 1332), JavaEnvironment.cpp:302 (`anonymous-namespace'::detectFullVersion)]
	TRACE: Detect full version of {606493F9-D1F1-5355-BB8A-F0E30F1AFFED} Java installation
[2026/09/11 23:58:50.880, java.exe (PID: 3088, TID: 1332), JavaEnvironment.cpp:213 (`anonymous-namespace'::detectFullVersionFromMsi)]
	TRACE: detectFullVersionFromMsi({606493F9-D1F1-5355-BB8A-F0E30F1AFFED})
[2026/09/11 23:58:50.881, java.exe (PID: 3088, TID: 1332), JavaEnvironment.cpp:481 (`anonymous-namespace'::getInstalledJava)]
	TRACE: InstalledJava(13.0.2+8|13.0.2+8|JDK|64bit|C:\Program Files\Java\jdk-13.0.2|{606493F9-D1F1-5355-BB8A-F0E30F1AFFED}|-10|)
[2026/09/11 23:58:50.882, java.exe (PID: 3088, TID: 1332), JavaEnvironment.cpp:519 (JavaEnvironment::detect)]
	TRACE: Installed Java detected: version=; arch=64; productCode={E04E5624-3CF1-5E84-A439-4D8FAAA05C79}; type=1
[2026/09/11 23:58:50.882, java.exe (PID: 3088, TID: 1332), JavaEnvironment.cpp:135 (`anonymous-namespace'::detectHomeDir)]
	TRACE: Find home dir of {E04E5624-3CF1-5E84-A439-4D8FAAA05C79} Java installation
[2026/09/11 23:58:50.882, java.exe (PID: 3088, TID: 1332), JavaEnvironment.cpp:302 (`anonymous-namespace'::detectFullVersion)]
	TRACE: Detect full version of {E04E5624-3CF1-5E84-A439-4D8FAAA05C79} Java installation
[2026/09/11 23:58:50.882, java.exe (PID: 3088, TID: 1332), JavaEnvironment.cpp:213 (`anonymous-namespace'::detectFullVersionFromMsi)]
	TRACE: detectFullVersionFromMsi({E04E5624-3CF1-5E84-A439-4D8FAAA05C79})
[2026/09/11 23:58:50.884, java.exe (PID: 3088, TID: 1332), JavaEnvironment.cpp:481 (`anonymous-namespace'::getInstalledJava)]
	TRACE: InstalledJava(15+36|15+36|JDK|64bit|C:\Program Files\Java\jdk-15|{E04E5624-3CF1-5E84-A439-4D8FAAA05C79}|-10|)
[2026/09/11 23:58:50.884, java.exe (PID: 3088, TID: 1332), JavaEnvironment.cpp:519 (JavaEnvironment::detect)]
	TRACE: Installed Java detected: version=; arch=64; productCode={DA08718E-972A-58E7-AE7E-C45114C82E13}; type=1
[2026/09/11 23:58:50.884, java.exe (PID: 3088, TID: 1332), JavaEnvironment.cpp:135 (`anonymous-namespace'::detectHomeDir)]
	TRACE: Find home dir of {DA08718E-972A-58E7-AE7E-C45114C82E13} Java installation
[2026/09/11 23:58:50.885, java.exe (PID: 3088, TID: 1332), JavaEnvironment.cpp:302 (`anonymous-namespace'::detectFullVersion)]
	TRACE: Detect full version of {DA08718E-972A-58E7-AE7E-C45114C82E13} Java installation
[2026/09/11 23:58:50.885, java.exe (PID: 3088, TID: 1332), JavaEnvironment.cpp:213 (`anonymous-namespace'::detectFullVersionFromMsi)]
	TRACE: detectFullVersionFromMsi({DA08718E-972A-58E7-AE7E-C45114C82E13})
[2026/09/11 23:58:50.887, java.exe (PID: 3088, TID: 1332), JavaEnvironment.cpp:481 (`anonymous-namespace'::getInstalledJava)]
	TRACE: InstalledJava(17.0.12+8|17.0.12+8|JDK|64bit|C:\Program Files\Java\jdk-17|{DA08718E-972A-58E7-AE7E-C45114C82E13}|-10|)
[2026/09/11 23:58:50.887, java.exe (PID: 3088, TID: 1332), JavaEnvironment.cpp:519 (JavaEnvironment::detect)]
	TRACE: Installed Java detected: version=; arch=64; productCode={D2D0311F-1C55-57CC-95CC-F973FA7660D4}; type=1
[2026/09/11 23:58:50.887, java.exe (PID: 3088, TID: 1332), JavaEnvironment.cpp:135 (`anonymous-namespace'::detectHomeDir)]
	TRACE: Find home dir of {D2D0311F-1C55-57CC-95CC-F973FA7660D4} Java installation
[2026/09/11 23:58:50.887, java.exe (PID: 3088, TID: 1332), JavaEnvironment.cpp:302 (`anonymous-namespace'::detectFullVersion)]
	TRACE: Detect full version of {D2D0311F-1C55-57CC-95CC-F973FA7660D4} Java installation
[2026/09/11 23:58:50.887, java.exe (PID: 3088, TID: 1332), JavaEnvironment.cpp:213 (`anonymous-namespace'::detectFullVersionFromMsi)]
	TRACE: detectFullVersionFromMsi({D2D0311F-1C55-57CC-95CC-F973FA7660D4})
[2026/09/11 23:58:50.889, java.exe (PID: 3088, TID: 1332), JavaEnvironment.cpp:481 (`anonymous-namespace'::getInstalledJava)]
	TRACE: InstalledJava(20.0.2+9|20.0.2+9|JDK|64bit|C:\Program Files\Java\jdk-20|{D2D0311F-1C55-57CC-95CC-F973FA7660D4}|-10|)
[2026/09/11 23:58:50.890, java.exe (PID: 3088, TID: 1332), JavaEnvironment.cpp:519 (JavaEnvironment::detect)]
	TRACE: Installed Java detected: version=; arch=64; productCode={75B0E1AE-DC20-5AC0-A358-61B0256DADBE}; type=1
[2026/09/11 23:58:50.890, java.exe (PID: 3088, TID: 1332), JavaEnvironment.cpp:135 (`anonymous-namespace'::detectHomeDir)]
	TRACE: Find home dir of {75B0E1AE-DC20-5AC0-A358-61B0256DADBE} Java installation
[2026/09/11 23:58:50.891, java.exe (PID: 3088, TID: 1332), JavaEnvironment.cpp:302 (`anonymous-namespace'::detectFullVersion)]
	TRACE: Detect full version of {75B0E1AE-DC20-5AC0-A358-61B0256DADBE} Java installation
[2026/09/11 23:58:50.891, java.exe (PID: 3088, TID: 1332), JavaEnvironment.cpp:213 (`anonymous-namespace'::detectFullVersionFromMsi)]
	TRACE: detectFullVersionFromMsi({75B0E1AE-DC20-5AC0-A358-61B0256DADBE})
[2026/09/11 23:58:50.893, java.exe (PID: 3088, TID: 1332), JavaEnvironment.cpp:481 (`anonymous-namespace'::getInstalledJava)]
	TRACE: InstalledJava(21.0.1+12|21.0.1+12|JDK|64bit|C:\Program Files\Java\jdk-21|{75B0E1AE-DC20-5AC0-A358-61B0256DADBE}|-10|)
[2026/09/11 23:58:50.893, java.exe (PID: 3088, TID: 1332), JavaEnvironment.cpp:519 (JavaEnvironment::detect)]
	TRACE: Installed Java detected: version=; arch=64; productCode={1927BA5F-6CD9-5F60-BBB8-B6A654F98621}; type=1
[2026/09/11 23:58:50.893, java.exe (PID: 3088, TID: 1332), JavaEnvironment.cpp:135 (`anonymous-namespace'::detectHomeDir)]
	TRACE: Find home dir of {1927BA5F-6CD9-5F60-BBB8-B6A654F98621} Java installation
[2026/09/11 23:58:50.894, java.exe (PID: 3088, TID: 1332), JavaEnvironment.cpp:302 (`anonymous-namespace'::detectFullVersion)]
	TRACE: Detect full version of {1927BA5F-6CD9-5F60-BBB8-B6A654F98621} Java installation
[2026/09/11 23:58:50.894, java.exe (PID: 3088, TID: 1332), JavaEnvironment.cpp:213 (`anonymous-namespace'::detectFullVersionFromMsi)]
	TRACE: detectFullVersionFromMsi({1927BA5F-6CD9-5F60-BBB8-B6A654F98621})
[2026/09/11 23:58:50.895, java.exe (PID: 3088, TID: 1332), JavaEnvironment.cpp:481 (`anonymous-namespace'::getInstalledJava)]
	TRACE: InstalledJava(24.0.2+12|24.0.2+12|JDK|64bit|C:\Program Files\Java\jdk-24|{1927BA5F-6CD9-5F60-BBB8-B6A654F98621}|-10|)
[2026/09/11 23:58:50.895, java.exe (PID: 3088, TID: 1332), JavaEnvironment.cpp:519 (JavaEnvironment::detect)]
	TRACE: Installed Java detected: version=; arch=64; productCode={F60B1927-3BC4-51C5-A978-B3F712E0CEEB}; type=1
[2026/09/11 23:58:50.895, java.exe (PID: 3088, TID: 1332), JavaEnvironment.cpp:135 (`anonymous-namespace'::detectHomeDir)]
	TRACE: Find home dir of {F60B1927-3BC4-51C5-A978-B3F712E0CEEB} Java installation
[2026/09/11 23:58:50.896, java.exe (PID: 3088, TID: 1332), JavaEnvironment.cpp:302 (`anonymous-namespace'::detectFullVersion)]
	TRACE: Detect full version of {F60B1927-3BC4-51C5-A978-B3F712E0CEEB} Java installation
[2026/09/11 23:58:50.896, java.exe (PID: 3088, TID: 1332), JavaEnvironment.cpp:213 (`anonymous-namespace'::detectFullVersionFromMsi)]
	TRACE: detectFullVersionFromMsi({F60B1927-3BC4-51C5-A978-B3F712E0CEEB})
[2026/09/11 23:58:50.898, java.exe (PID: 3088, TID: 1332), JavaEnvironment.cpp:481 (`anonymous-namespace'::getInstalledJava)]
	TRACE: InstalledJava(25.0.4+7|25.0.4+7|JDK|64bit|C:\Program Files\Java\jdk-25.0.4|{F60B1927-3BC4-51C5-A978-B3F712E0CEEB}|-10|)
[2026/09/11 23:58:50.899, java.exe (PID: 3088, TID: 1332), JavaEnvironment.cpp:0 (JavaEnvironment::detect)]
	TRACE: Exiting JavaEnvironment::detect (entered at JavaEnvironment.cpp:502)
[2026/09/11 23:58:50.908, java.exe (PID: 3088, TID: 1332), Executor.cpp:706 (Executor2::startProcess)]
	TRACE: CreateProcess(C:\Program Files\Java\jdk-25.0.4\bin\java.exe, "C:\Program Files\Java\jdk-25.0.4\bin\java.exe" -version) succeeded; PID=6772
[2026/09/11 23:58:50.965, java.exe (PID: 3088, TID: 1332), Executor.cpp:667 (Executor2::execAndWait)]
	TRACE: Process with PID=6772 terminated. Exit code=0
[2026/09/11 23:58:50.985, java.exe (PID: 21488, TID: 12904), JavaEnvironment.cpp:502 (JavaEnvironment::detect)]
	TRACE: Entering JavaEnvironment::detect
[2026/09/11 23:58:50.992, java.exe (PID: 21488, TID: 12904), JavaEnvironment.cpp:519 (JavaEnvironment::detect)]
	TRACE: Installed Java detected: version=1.8.0_401; arch=32; productCode={71024AE4-039E-4CA4-87B4-2F32180401F0}; type=0
[2026/09/11 23:58:50.993, java.exe (PID: 21488, TID: 12904), JavaEnvironment.cpp:519 (JavaEnvironment::detect)]
	TRACE: Installed Java detected: version=1.8.0_431; arch=64; productCode={71024AE4-039E-4CA4-87B4-2F64180431F0}; type=0
[2026/09/11 23:58:50.993, java.exe (PID: 21488, TID: 12904), JavaEnvironment.cpp:519 (JavaEnvironment::detect)]
	TRACE: Installed Java detected: version=1.8.0_231; arch=64; productCode={26A24AE4-039D-4CA4-87B4-2F64180231F0}; type=0
[2026/09/11 23:58:50.993, java.exe (PID: 21488, TID: 12904), JavaEnvironment.cpp:519 (JavaEnvironment::detect)]
	TRACE: Installed Java detected: version=1.8.0; arch=64; productCode={64A3A4F4-B792-11D6-A78A-00B0D0180191}; type=1
[2026/09/11 23:58:50.993, java.exe (PID: 21488, TID: 12904), JavaEnvironment.cpp:135 (`anonymous-namespace'::detectHomeDir)]
	TRACE: Find home dir of {64A3A4F4-B792-11D6-A78A-00B0D0180191} Java installation
[2026/09/11 23:58:50.994, java.exe (PID: 21488, TID: 12904), JavaEnvironment.cpp:302 (`anonymous-namespace'::detectFullVersion)]
	TRACE: Detect full version of {64A3A4F4-B792-11D6-A78A-00B0D0180191} Java installation
[2026/09/11 23:58:50.994, java.exe (PID: 21488, TID: 12904), JavaEnvironment.cpp:213 (`anonymous-namespace'::detectFullVersionFromMsi)]
	TRACE: detectFullVersionFromMsi({64A3A4F4-B792-11D6-A78A-00B0D0180191})
[2026/09/11 23:58:50.998, java.exe (PID: 21488, TID: 12904), JavaEnvironment.cpp:481 (`anonymous-namespace'::getInstalledJava)]
	TRACE: InstalledJava(1.8.0_191-b12|1.8.0_191-b12|JDK|64bit|C:\Program Files\Java\jdk1.8.0_191|{64A3A4F4-B792-11D6-A78A-00B0D0180191}|-10|)
[2026/09/11 23:58:51.015, java.exe (PID: 21488, TID: 12904), JavaEnvironment.cpp:519 (JavaEnvironment::detect)]
	TRACE: Installed Java detected: version=; arch=64; productCode={EA8EE85F-62FC-5C6C-A8C7-3D00FCEF5674}; type=1
[2026/09/11 23:58:51.015, java.exe (PID: 21488, TID: 12904), JavaEnvironment.cpp:135 (`anonymous-namespace'::detectHomeDir)]
	TRACE: Find home dir of {EA8EE85F-62FC-5C6C-A8C7-3D00FCEF5674} Java installation
[2026/09/11 23:58:51.015, java.exe (PID: 21488, TID: 12904), JavaEnvironment.cpp:302 (`anonymous-namespace'::detectFullVersion)]
	TRACE: Detect full version of {EA8EE85F-62FC-5C6C-A8C7-3D00FCEF5674} Java installation
[2026/09/11 23:58:51.015, java.exe (PID: 21488, TID: 12904), JavaEnvironment.cpp:213 (`anonymous-namespace'::detectFullVersionFromMsi)]
	TRACE: detectFullVersionFromMsi({EA8EE85F-62FC-5C6C-A8C7-3D00FCEF5674})
[2026/09/11 23:58:51.017, java.exe (PID: 21488, TID: 12904), JavaEnvironment.cpp:481 (`anonymous-namespace'::getInstalledJava)]
	TRACE: InstalledJava(11.0.28+12|11.0.28+12|JDK|64bit|C:\Program Files\Java\jdk-11|{EA8EE85F-62FC-5C6C-A8C7-3D00FCEF5674}|-10|)
[2026/09/11 23:58:51.018, java.exe (PID: 21488, TID: 12904), JavaEnvironment.cpp:519 (JavaEnvironment::detect)]
	TRACE: Installed Java detected: version=; arch=64; productCode={606493F9-D1F1-5355-BB8A-F0E30F1AFFED}; type=1
[2026/09/11 23:58:51.018, java.exe (PID: 21488, TID: 12904), JavaEnvironment.cpp:135 (`anonymous-namespace'::detectHomeDir)]
	TRACE: Find home dir of {606493F9-D1F1-5355-BB8A-F0E30F1AFFED} Java installation
[2026/09/11 23:58:51.018, java.exe (PID: 21488, TID: 12904), JavaEnvironment.cpp:302 (`anonymous-namespace'::detectFullVersion)]
	TRACE: Detect full version of {606493F9-D1F1-5355-BB8A-F0E30F1AFFED} Java installation
[2026/09/11 23:58:51.019, java.exe (PID: 21488, TID: 12904), JavaEnvironment.cpp:213 (`anonymous-namespace'::detectFullVersionFromMsi)]
	TRACE: detectFullVersionFromMsi({606493F9-D1F1-5355-BB8A-F0E30F1AFFED})
[2026/09/11 23:58:51.020, java.exe (PID: 21488, TID: 12904), JavaEnvironment.cpp:481 (`anonymous-namespace'::getInstalledJava)]
	TRACE: InstalledJava(13.0.2+8|13.0.2+8|JDK|64bit|C:\Program Files\Java\jdk-13.0.2|{606493F9-D1F1-5355-BB8A-F0E30F1AFFED}|-10|)
[2026/09/11 23:58:51.021, java.exe (PID: 21488, TID: 12904), JavaEnvironment.cpp:519 (JavaEnvironment::detect)]
	TRACE: Installed Java detected: version=; arch=64; productCode={E04E5624-3CF1-5E84-A439-4D8FAAA05C79}; type=1
[2026/09/11 23:58:51.021, java.exe (PID: 21488, TID: 12904), JavaEnvironment.cpp:135 (`anonymous-namespace'::detectHomeDir)]
	TRACE: Find home dir of {E04E5624-3CF1-5E84-A439-4D8FAAA05C79} Java installation
[2026/09/11 23:58:51.021, java.exe (PID: 21488, TID: 12904), JavaEnvironment.cpp:302 (`anonymous-namespace'::detectFullVersion)]
	TRACE: Detect full version of {E04E5624-3CF1-5E84-A439-4D8FAAA05C79} Java installation
[2026/09/11 23:58:51.021, java.exe (PID: 21488, TID: 12904), JavaEnvironment.cpp:213 (`anonymous-namespace'::detectFullVersionFromMsi)]
	TRACE: detectFullVersionFromMsi({E04E5624-3CF1-5E84-A439-4D8FAAA05C79})
[2026/09/11 23:58:51.024, java.exe (PID: 21488, TID: 12904), JavaEnvironment.cpp:481 (`anonymous-namespace'::getInstalledJava)]
	TRACE: InstalledJava(15+36|15+36|JDK|64bit|C:\Program Files\Java\jdk-15|{E04E5624-3CF1-5E84-A439-4D8FAAA05C79}|-10|)
[2026/09/11 23:58:51.025, java.exe (PID: 21488, TID: 12904), JavaEnvironment.cpp:519 (JavaEnvironment::detect)]
	TRACE: Installed Java detected: version=; arch=64; productCode={DA08718E-972A-58E7-AE7E-C45114C82E13}; type=1
[2026/09/11 23:58:51.025, java.exe (PID: 21488, TID: 12904), JavaEnvironment.cpp:135 (`anonymous-namespace'::detectHomeDir)]
	TRACE: Find home dir of {DA08718E-972A-58E7-AE7E-C45114C82E13} Java installation
[2026/09/11 23:58:51.025, java.exe (PID: 21488, TID: 12904), JavaEnvironment.cpp:302 (`anonymous-namespace'::detectFullVersion)]
	TRACE: Detect full version of {DA08718E-972A-58E7-AE7E-C45114C82E13} Java installation
[2026/09/11 23:58:51.025, java.exe (PID: 21488, TID: 12904), JavaEnvironment.cpp:213 (`anonymous-namespace'::detectFullVersionFromMsi)]
	TRACE: detectFullVersionFromMsi({DA08718E-972A-58E7-AE7E-C45114C82E13})
[2026/09/11 23:58:51.027, java.exe (PID: 21488, TID: 12904), JavaEnvironment.cpp:481 (`anonymous-namespace'::getInstalledJava)]
	TRACE: InstalledJava(17.0.12+8|17.0.12+8|JDK|64bit|C:\Program Files\Java\jdk-17|{DA08718E-972A-58E7-AE7E-C45114C82E13}|-10|)
[2026/09/11 23:58:51.027, java.exe (PID: 21488, TID: 12904), JavaEnvironment.cpp:519 (JavaEnvironment::detect)]
	TRACE: Installed Java detected: version=; arch=64; productCode={D2D0311F-1C55-57CC-95CC-F973FA7660D4}; type=1
[2026/09/11 23:58:51.028, java.exe (PID: 21488, TID: 12904), JavaEnvironment.cpp:135 (`anonymous-namespace'::detectHomeDir)]
	TRACE: Find home dir of {D2D0311F-1C55-57CC-95CC-F973FA7660D4} Java installation
[2026/09/11 23:58:51.028, java.exe (PID: 21488, TID: 12904), JavaEnvironment.cpp:302 (`anonymous-namespace'::detectFullVersion)]
	TRACE: Detect full version of {D2D0311F-1C55-57CC-95CC-F973FA7660D4} Java installation
[2026/09/11 23:58:51.028, java.exe (PID: 21488, TID: 12904), JavaEnvironment.cpp:213 (`anonymous-namespace'::detectFullVersionFromMsi)]
	TRACE: detectFullVersionFromMsi({D2D0311F-1C55-57CC-95CC-F973FA7660D4})
[2026/09/11 23:58:51.030, java.exe (PID: 21488, TID: 12904), JavaEnvironment.cpp:481 (`anonymous-namespace'::getInstalledJava)]
	TRACE: InstalledJava(20.0.2+9|20.0.2+9|JDK|64bit|C:\Program Files\Java\jdk-20|{D2D0311F-1C55-57CC-95CC-F973FA7660D4}|-10|)
[2026/09/11 23:58:51.030, java.exe (PID: 21488, TID: 12904), JavaEnvironment.cpp:519 (JavaEnvironment::detect)]
	TRACE: Installed Java detected: version=; arch=64; productCode={75B0E1AE-DC20-5AC0-A358-61B0256DADBE}; type=1
[2026/09/11 23:58:51.030, java.exe (PID: 21488, TID: 12904), JavaEnvironment.cpp:135 (`anonymous-namespace'::detectHomeDir)]
	TRACE: Find home dir of {75B0E1AE-DC20-5AC0-A358-61B0256DADBE} Java installation
[2026/09/11 23:58:51.031, java.exe (PID: 21488, TID: 12904), JavaEnvironment.cpp:302 (`anonymous-namespace'::detectFullVersion)]
	TRACE: Detect full version of {75B0E1AE-DC20-5AC0-A358-61B0256DADBE} Java installation
[2026/09/11 23:58:51.031, java.exe (PID: 21488, TID: 12904), JavaEnvironment.cpp:213 (`anonymous-namespace'::detectFullVersionFromMsi)]
	TRACE: detectFullVersionFromMsi({75B0E1AE-DC20-5AC0-A358-61B0256DADBE})
[2026/09/11 23:58:51.033, java.exe (PID: 21488, TID: 12904), JavaEnvironment.cpp:481 (`anonymous-namespace'::getInstalledJava)]
	TRACE: InstalledJava(21.0.1+12|21.0.1+12|JDK|64bit|C:\Program Files\Java\jdk-21|{75B0E1AE-DC20-5AC0-A358-61B0256DADBE}|-10|)
[2026/09/11 23:58:51.034, java.exe (PID: 21488, TID: 12904), JavaEnvironment.cpp:519 (JavaEnvironment::detect)]
	TRACE: Installed Java detected: version=; arch=64; productCode={1927BA5F-6CD9-5F60-BBB8-B6A654F98621}; type=1
[2026/09/11 23:58:51.034, java.exe (PID: 21488, TID: 12904), JavaEnvironment.cpp:135 (`anonymous-namespace'::detectHomeDir)]
	TRACE: Find home dir of {1927BA5F-6CD9-5F60-BBB8-B6A654F98621} Java installation
[2026/09/11 23:58:51.034, java.exe (PID: 21488, TID: 12904), JavaEnvironment.cpp:302 (`anonymous-namespace'::detectFullVersion)]
	TRACE: Detect full version of {1927BA5F-6CD9-5F60-BBB8-B6A654F98621} Java installation
[2026/09/11 23:58:51.034, java.exe (PID: 21488, TID: 12904), JavaEnvironment.cpp:213 (`anonymous-namespace'::detectFullVersionFromMsi)]
	TRACE: detectFullVersionFromMsi({1927BA5F-6CD9-5F60-BBB8-B6A654F98621})
[2026/09/11 23:58:51.037, java.exe (PID: 21488, TID: 12904), JavaEnvironment.cpp:481 (`anonymous-namespace'::getInstalledJava)]
	TRACE: InstalledJava(24.0.2+12|24.0.2+12|JDK|64bit|C:\Program Files\Java\jdk-24|{1927BA5F-6CD9-5F60-BBB8-B6A654F98621}|-10|)
[2026/09/11 23:58:51.037, java.exe (PID: 21488, TID: 12904), JavaEnvironment.cpp:519 (JavaEnvironment::detect)]
	TRACE: Installed Java detected: version=; arch=64; productCode={F60B1927-3BC4-51C5-A978-B3F712E0CEEB}; type=1
[2026/09/11 23:58:51.037, java.exe (PID: 21488, TID: 12904), JavaEnvironment.cpp:135 (`anonymous-namespace'::detectHomeDir)]
	TRACE: Find home dir of {F60B1927-3BC4-51C5-A978-B3F712E0CEEB} Java installation
[2026/09/11 23:58:51.038, java.exe (PID: 21488, TID: 12904), JavaEnvironment.cpp:302 (`anonymous-namespace'::detectFullVersion)]
	TRACE: Detect full version of {F60B1927-3BC4-51C5-A978-B3F712E0CEEB} Java installation
[2026/09/11 23:58:51.038, java.exe (PID: 21488, TID: 12904), JavaEnvironment.cpp:213 (`anonymous-namespace'::detectFullVersionFromMsi)]
	TRACE: detectFullVersionFromMsi({F60B1927-3BC4-51C5-A978-B3F712E0CEEB})
[2026/09/11 23:58:51.040, java.exe (PID: 21488, TID: 12904), JavaEnvironment.cpp:481 (`anonymous-namespace'::getInstalledJava)]
	TRACE: InstalledJava(25.0.4+7|25.0.4+7|JDK|64bit|C:\Program Files\Java\jdk-25.0.4|{F60B1927-3BC4-51C5-A978-B3F712E0CEEB}|-10|)
[2026/09/11 23:58:51.043, java.exe (PID: 21488, TID: 12904), JavaEnvironment.cpp:0 (JavaEnvironment::detect)]
	TRACE: Exiting JavaEnvironment::detect (entered at JavaEnvironment.cpp:502)
[2026/09/11 23:58:51.051, java.exe (PID: 21488, TID: 12904), Executor.cpp:706 (Executor2::startProcess)]
	TRACE: CreateProcess(C:\Program Files\Java\jdk-25.0.4\bin\java.exe, "C:\Program Files\Java\jdk-25.0.4\bin\java.exe" -Xmx64m -Xms64m -Dorg.gradle.appname=gradlew -jar C:\Users\alp\Desktop\Latitude-1.20.1-build\\gradle\wrapper\gradle-wrapper.jar "-Dorg.gradle.java.home=C:/Program Files/Java/jdk-17" packageLatitudeJjThunderHybrid --no-daemon) succeeded; PID=5084
[2026/09/11 23:59:01.880, java.exe (PID: 21488, TID: 12904), Executor.cpp:667 (Executor2::execAndWait)]
	TRACE: Process with PID=5084 terminated. Exit code=0
[2026/09/12 00:05:03.997, java.exe (PID: 20592, TID: 17492), JavaEnvironment.cpp:502 (JavaEnvironment::detect)]
	TRACE: Entering JavaEnvironment::detect
[2026/09/12 00:05:04.004, java.exe (PID: 20592, TID: 17492), JavaEnvironment.cpp:519 (JavaEnvironment::detect)]
	TRACE: Installed Java detected: version=1.8.0_401; arch=32; productCode={71024AE4-039E-4CA4-87B4-2F32180401F0}; type=0
[2026/09/12 00:05:04.005, java.exe (PID: 20592, TID: 17492), JavaEnvironment.cpp:519 (JavaEnvironment::detect)]
	TRACE: Installed Java detected: version=1.8.0_431; arch=64; productCode={71024AE4-039E-4CA4-87B4-2F64180431F0}; type=0
[2026/09/12 00:05:04.005, java.exe (PID: 20592, TID: 17492), JavaEnvironment.cpp:519 (JavaEnvironment::detect)]
	TRACE: Installed Java detected: version=1.8.0_231; arch=64; productCode={26A24AE4-039D-4CA4-87B4-2F64180231F0}; type=0
[2026/09/12 00:05:04.005, java.exe (PID: 20592, TID: 17492), JavaEnvironment.cpp:519 (JavaEnvironment::detect)]
	TRACE: Installed Java detected: version=1.8.0; arch=64; productCode={64A3A4F4-B792-11D6-A78A-00B0D0180191}; type=1
[2026/09/12 00:05:04.005, java.exe (PID: 20592, TID: 17492), JavaEnvironment.cpp:135 (`anonymous-namespace'::detectHomeDir)]
	TRACE: Find home dir of {64A3A4F4-B792-11D6-A78A-00B0D0180191} Java installation
[2026/09/12 00:05:04.006, java.exe (PID: 20592, TID: 17492), JavaEnvironment.cpp:302 (`anonymous-namespace'::detectFullVersion)]
	TRACE: Detect full version of {64A3A4F4-B792-11D6-A78A-00B0D0180191} Java installation
[2026/09/12 00:05:04.006, java.exe (PID: 20592, TID: 17492), JavaEnvironment.cpp:213 (`anonymous-namespace'::detectFullVersionFromMsi)]
	TRACE: detectFullVersionFromMsi({64A3A4F4-B792-11D6-A78A-00B0D0180191})
[2026/09/12 00:05:04.010, java.exe (PID: 20592, TID: 17492), JavaEnvironment.cpp:481 (`anonymous-namespace'::getInstalledJava)]
	TRACE: InstalledJava(1.8.0_191-b12|1.8.0_191-b12|JDK|64bit|C:\Program Files\Java\jdk1.8.0_191|{64A3A4F4-B792-11D6-A78A-00B0D0180191}|-10|)
[2026/09/12 00:05:04.025, java.exe (PID: 20592, TID: 17492), JavaEnvironment.cpp:519 (JavaEnvironment::detect)]
	TRACE: Installed Java detected: version=; arch=64; productCode={EA8EE85F-62FC-5C6C-A8C7-3D00FCEF5674}; type=1
[2026/09/12 00:05:04.026, java.exe (PID: 20592, TID: 17492), JavaEnvironment.cpp:135 (`anonymous-namespace'::detectHomeDir)]
	TRACE: Find home dir of {EA8EE85F-62FC-5C6C-A8C7-3D00FCEF5674} Java installation
[2026/09/12 00:05:04.026, java.exe (PID: 20592, TID: 17492), JavaEnvironment.cpp:302 (`anonymous-namespace'::detectFullVersion)]
	TRACE: Detect full version of {EA8EE85F-62FC-5C6C-A8C7-3D00FCEF5674} Java installation
[2026/09/12 00:05:04.026, java.exe (PID: 20592, TID: 17492), JavaEnvironment.cpp:213 (`anonymous-namespace'::detectFullVersionFromMsi)]
	TRACE: detectFullVersionFromMsi({EA8EE85F-62FC-5C6C-A8C7-3D00FCEF5674})
[2026/09/12 00:05:04.028, java.exe (PID: 20592, TID: 17492), JavaEnvironment.cpp:481 (`anonymous-namespace'::getInstalledJava)]
	TRACE: InstalledJava(11.0.28+12|11.0.28+12|JDK|64bit|C:\Program Files\Java\jdk-11|{EA8EE85F-62FC-5C6C-A8C7-3D00FCEF5674}|-10|)
[2026/09/12 00:05:04.029, java.exe (PID: 20592, TID: 17492), JavaEnvironment.cpp:519 (JavaEnvironment::detect)]
	TRACE: Installed Java detected: version=; arch=64; productCode={606493F9-D1F1-5355-BB8A-F0E30F1AFFED}; type=1
[2026/09/12 00:05:04.030, java.exe (PID: 20592, TID: 17492), JavaEnvironment.cpp:135 (`anonymous-namespace'::detectHomeDir)]
	TRACE: Find home dir of {606493F9-D1F1-5355-BB8A-F0E30F1AFFED} Java installation
[2026/09/12 00:05:04.030, java.exe (PID: 20592, TID: 17492), JavaEnvironment.cpp:302 (`anonymous-namespace'::detectFullVersion)]
	TRACE: Detect full version of {606493F9-D1F1-5355-BB8A-F0E30F1AFFED} Java installation
[2026/09/12 00:05:04.030, java.exe (PID: 20592, TID: 17492), JavaEnvironment.cpp:213 (`anonymous-namespace'::detectFullVersionFromMsi)]
	TRACE: detectFullVersionFromMsi({606493F9-D1F1-5355-BB8A-F0E30F1AFFED})
[2026/09/12 00:05:04.033, java.exe (PID: 20592, TID: 17492), JavaEnvironment.cpp:481 (`anonymous-namespace'::getInstalledJava)]
	TRACE: InstalledJava(13.0.2+8|13.0.2+8|JDK|64bit|C:\Program Files\Java\jdk-13.0.2|{606493F9-D1F1-5355-BB8A-F0E30F1AFFED}|-10|)
[2026/09/12 00:05:04.033, java.exe (PID: 20592, TID: 17492), JavaEnvironment.cpp:519 (JavaEnvironment::detect)]
	TRACE: Installed Java detected: version=; arch=64; productCode={E04E5624-3CF1-5E84-A439-4D8FAAA05C79}; type=1
[2026/09/12 00:05:04.033, java.exe (PID: 20592, TID: 17492), JavaEnvironment.cpp:135 (`anonymous-namespace'::detectHomeDir)]
	TRACE: Find home dir of {E04E5624-3CF1-5E84-A439-4D8FAAA05C79} Java installation
[2026/09/12 00:05:04.034, java.exe (PID: 20592, TID: 17492), JavaEnvironment.cpp:302 (`anonymous-namespace'::detectFullVersion)]
	TRACE: Detect full version of {E04E5624-3CF1-5E84-A439-4D8FAAA05C79} Java installation
[2026/09/12 00:05:04.034, java.exe (PID: 20592, TID: 17492), JavaEnvironment.cpp:213 (`anonymous-namespace'::detectFullVersionFromMsi)]
	TRACE: detectFullVersionFromMsi({E04E5624-3CF1-5E84-A439-4D8FAAA05C79})
[2026/09/12 00:05:04.036, java.exe (PID: 20592, TID: 17492), JavaEnvironment.cpp:481 (`anonymous-namespace'::getInstalledJava)]
	TRACE: InstalledJava(15+36|15+36|JDK|64bit|C:\Program Files\Java\jdk-15|{E04E5624-3CF1-5E84-A439-4D8FAAA05C79}|-10|)
[2026/09/12 00:05:04.036, java.exe (PID: 20592, TID: 17492), JavaEnvironment.cpp:519 (JavaEnvironment::detect)]
	TRACE: Installed Java detected: version=; arch=64; productCode={DA08718E-972A-58E7-AE7E-C45114C82E13}; type=1
[2026/09/12 00:05:04.036, java.exe (PID: 20592, TID: 17492), JavaEnvironment.cpp:135 (`anonymous-namespace'::detectHomeDir)]
	TRACE: Find home dir of {DA08718E-972A-58E7-AE7E-C45114C82E13} Java installation
[2026/09/12 00:05:04.036, java.exe (PID: 20592, TID: 17492), JavaEnvironment.cpp:302 (`anonymous-namespace'::detectFullVersion)]
	TRACE: Detect full version of {DA08718E-972A-58E7-AE7E-C45114C82E13} Java installation
[2026/09/12 00:05:04.037, java.exe (PID: 20592, TID: 17492), JavaEnvironment.cpp:213 (`anonymous-namespace'::detectFullVersionFromMsi)]
	TRACE: detectFullVersionFromMsi({DA08718E-972A-58E7-AE7E-C45114C82E13})
[2026/09/12 00:05:04.038, java.exe (PID: 20592, TID: 17492), JavaEnvironment.cpp:481 (`anonymous-namespace'::getInstalledJava)]
	TRACE: InstalledJava(17.0.12+8|17.0.12+8|JDK|64bit|C:\Program Files\Java\jdk-17|{DA08718E-972A-58E7-AE7E-C45114C82E13}|-10|)
[2026/09/12 00:05:04.039, java.exe (PID: 20592, TID: 17492), JavaEnvironment.cpp:519 (JavaEnvironment::detect)]
	TRACE: Installed Java detected: version=; arch=64; productCode={D2D0311F-1C55-57CC-95CC-F973FA7660D4}; type=1
[2026/09/12 00:05:04.039, java.exe (PID: 20592, TID: 17492), JavaEnvironment.cpp:135 (`anonymous-namespace'::detectHomeDir)]
	TRACE: Find home dir of {D2D0311F-1C55-57CC-95CC-F973FA7660D4} Java installation
[2026/09/12 00:05:04.039, java.exe (PID: 20592, TID: 17492), JavaEnvironment.cpp:302 (`anonymous-namespace'::detectFullVersion)]
	TRACE: Detect full version of {D2D0311F-1C55-57CC-95CC-F973FA7660D4} Java installation
[2026/09/12 00:05:04.039, java.exe (PID: 20592, TID: 17492), JavaEnvironment.cpp:213 (`anonymous-namespace'::detectFullVersionFromMsi)]
	TRACE: detectFullVersionFromMsi({D2D0311F-1C55-57CC-95CC-F973FA7660D4})
[2026/09/12 00:05:04.041, java.exe (PID: 20592, TID: 17492), JavaEnvironment.cpp:481 (`anonymous-namespace'::getInstalledJava)]
	TRACE: InstalledJava(20.0.2+9|20.0.2+9|JDK|64bit|C:\Program Files\Java\jdk-20|{D2D0311F-1C55-57CC-95CC-F973FA7660D4}|-10|)
[2026/09/12 00:05:04.042, java.exe (PID: 20592, TID: 17492), JavaEnvironment.cpp:519 (JavaEnvironment::detect)]
	TRACE: Installed Java detected: version=; arch=64; productCode={75B0E1AE-DC20-5AC0-A358-61B0256DADBE}; type=1
[2026/09/12 00:05:04.042, java.exe (PID: 20592, TID: 17492), JavaEnvironment.cpp:135 (`anonymous-namespace'::detectHomeDir)]
	TRACE: Find home dir of {75B0E1AE-DC20-5AC0-A358-61B0256DADBE} Java installation
[2026/09/12 00:05:04.042, java.exe (PID: 20592, TID: 17492), JavaEnvironment.cpp:302 (`anonymous-namespace'::detectFullVersion)]
	TRACE: Detect full version of {75B0E1AE-DC20-5AC0-A358-61B0256DADBE} Java installation
[2026/09/12 00:05:04.042, java.exe (PID: 20592, TID: 17492), JavaEnvironment.cpp:213 (`anonymous-namespace'::detectFullVersionFromMsi)]
	TRACE: detectFullVersionFromMsi({75B0E1AE-DC20-5AC0-A358-61B0256DADBE})
[2026/09/12 00:05:04.044, java.exe (PID: 20592, TID: 17492), JavaEnvironment.cpp:481 (`anonymous-namespace'::getInstalledJava)]
	TRACE: InstalledJava(21.0.1+12|21.0.1+12|JDK|64bit|C:\Program Files\Java\jdk-21|{75B0E1AE-DC20-5AC0-A358-61B0256DADBE}|-10|)
[2026/09/12 00:05:04.045, java.exe (PID: 20592, TID: 17492), JavaEnvironment.cpp:519 (JavaEnvironment::detect)]
	TRACE: Installed Java detected: version=; arch=64; productCode={1927BA5F-6CD9-5F60-BBB8-B6A654F98621}; type=1
[2026/09/12 00:05:04.045, java.exe (PID: 20592, TID: 17492), JavaEnvironment.cpp:135 (`anonymous-namespace'::detectHomeDir)]
	TRACE: Find home dir of {1927BA5F-6CD9-5F60-BBB8-B6A654F98621} Java installation
[2026/09/12 00:05:04.045, java.exe (PID: 20592, TID: 17492), JavaEnvironment.cpp:302 (`anonymous-namespace'::detectFullVersion)]
	TRACE: Detect full version of {1927BA5F-6CD9-5F60-BBB8-B6A654F98621} Java installation
[2026/09/12 00:05:04.045, java.exe (PID: 20592, TID: 17492), JavaEnvironment.cpp:213 (`anonymous-namespace'::detectFullVersionFromMsi)]
	TRACE: detectFullVersionFromMsi({1927BA5F-6CD9-5F60-BBB8-B6A654F98621})
[2026/09/12 00:05:04.048, java.exe (PID: 20592, TID: 17492), JavaEnvironment.cpp:481 (`anonymous-namespace'::getInstalledJava)]
	TRACE: InstalledJava(24.0.2+12|24.0.2+12|JDK|64bit|C:\Program Files\Java\jdk-24|{1927BA5F-6CD9-5F60-BBB8-B6A654F98621}|-10|)
[2026/09/12 00:05:04.048, java.exe (PID: 20592, TID: 17492), JavaEnvironment.cpp:519 (JavaEnvironment::detect)]
	TRACE: Installed Java detected: version=; arch=64; productCode={F60B1927-3BC4-51C5-A978-B3F712E0CEEB}; type=1
[2026/09/12 00:05:04.048, java.exe (PID: 20592, TID: 17492), JavaEnvironment.cpp:135 (`anonymous-namespace'::detectHomeDir)]
	TRACE: Find home dir of {F60B1927-3BC4-51C5-A978-B3F712E0CEEB} Java installation
[2026/09/12 00:05:04.048, java.exe (PID: 20592, TID: 17492), JavaEnvironment.cpp:302 (`anonymous-namespace'::detectFullVersion)]
	TRACE: Detect full version of {F60B1927-3BC4-51C5-A978-B3F712E0CEEB} Java installation
[2026/09/12 00:05:04.049, java.exe (PID: 20592, TID: 17492), JavaEnvironment.cpp:213 (`anonymous-namespace'::detectFullVersionFromMsi)]
	TRACE: detectFullVersionFromMsi({F60B1927-3BC4-51C5-A978-B3F712E0CEEB})
[2026/09/12 00:05:04.050, java.exe (PID: 20592, TID: 17492), JavaEnvironment.cpp:481 (`anonymous-namespace'::getInstalledJava)]
	TRACE: InstalledJava(25.0.4+7|25.0.4+7|JDK|64bit|C:\Program Files\Java\jdk-25.0.4|{F60B1927-3BC4-51C5-A978-B3F712E0CEEB}|-10|)
[2026/09/12 00:05:04.052, java.exe (PID: 20592, TID: 17492), JavaEnvironment.cpp:0 (JavaEnvironment::detect)]
	TRACE: Exiting JavaEnvironment::detect (entered at JavaEnvironment.cpp:502)
[2026/09/12 00:05:04.060, java.exe (PID: 20592, TID: 17492), Executor.cpp:706 (Executor2::startProcess)]
	TRACE: CreateProcess(C:\Program Files\Java\jdk-25.0.4\bin\java.exe, "C:\Program Files\Java\jdk-25.0.4\bin\java.exe" -version) succeeded; PID=23472
[2026/09/12 00:05:04.117, java.exe (PID: 20592, TID: 17492), Executor.cpp:667 (Executor2::execAndWait)]
	TRACE: Process with PID=23472 terminated. Exit code=0
[2026/09/12 00:05:04.139, java.exe (PID: 14348, TID: 23504), JavaEnvironment.cpp:502 (JavaEnvironment::detect)]
	TRACE: Entering JavaEnvironment::detect
[2026/09/12 00:05:04.146, java.exe (PID: 14348, TID: 23504), JavaEnvironment.cpp:519 (JavaEnvironment::detect)]
	TRACE: Installed Java detected: version=1.8.0_401; arch=32; productCode={71024AE4-039E-4CA4-87B4-2F32180401F0}; type=0
[2026/09/12 00:05:04.146, java.exe (PID: 14348, TID: 23504), JavaEnvironment.cpp:519 (JavaEnvironment::detect)]
	TRACE: Installed Java detected: version=1.8.0_431; arch=64; productCode={71024AE4-039E-4CA4-87B4-2F64180431F0}; type=0
[2026/09/12 00:05:04.147, java.exe (PID: 14348, TID: 23504), JavaEnvironment.cpp:519 (JavaEnvironment::detect)]
	TRACE: Installed Java detected: version=1.8.0_231; arch=64; productCode={26A24AE4-039D-4CA4-87B4-2F64180231F0}; type=0
[2026/09/12 00:05:04.147, java.exe (PID: 14348, TID: 23504), JavaEnvironment.cpp:519 (JavaEnvironment::detect)]
	TRACE: Installed Java detected: version=1.8.0; arch=64; productCode={64A3A4F4-B792-11D6-A78A-00B0D0180191}; type=1
[2026/09/12 00:05:04.147, java.exe (PID: 14348, TID: 23504), JavaEnvironment.cpp:135 (`anonymous-namespace'::detectHomeDir)]
	TRACE: Find home dir of {64A3A4F4-B792-11D6-A78A-00B0D0180191} Java installation
[2026/09/12 00:05:04.148, java.exe (PID: 14348, TID: 23504), JavaEnvironment.cpp:302 (`anonymous-namespace'::detectFullVersion)]
	TRACE: Detect full version of {64A3A4F4-B792-11D6-A78A-00B0D0180191} Java installation
[2026/09/12 00:05:04.148, java.exe (PID: 14348, TID: 23504), JavaEnvironment.cpp:213 (`anonymous-namespace'::detectFullVersionFromMsi)]
	TRACE: detectFullVersionFromMsi({64A3A4F4-B792-11D6-A78A-00B0D0180191})
[2026/09/12 00:05:04.153, java.exe (PID: 14348, TID: 23504), JavaEnvironment.cpp:481 (`anonymous-namespace'::getInstalledJava)]
	TRACE: InstalledJava(1.8.0_191-b12|1.8.0_191-b12|JDK|64bit|C:\Program Files\Java\jdk1.8.0_191|{64A3A4F4-B792-11D6-A78A-00B0D0180191}|-10|)
[2026/09/12 00:05:04.168, java.exe (PID: 14348, TID: 23504), JavaEnvironment.cpp:519 (JavaEnvironment::detect)]
	TRACE: Installed Java detected: version=; arch=64; productCode={EA8EE85F-62FC-5C6C-A8C7-3D00FCEF5674}; type=1
[2026/09/12 00:05:04.169, java.exe (PID: 14348, TID: 23504), JavaEnvironment.cpp:135 (`anonymous-namespace'::detectHomeDir)]
	TRACE: Find home dir of {EA8EE85F-62FC-5C6C-A8C7-3D00FCEF5674} Java installation
[2026/09/12 00:05:04.169, java.exe (PID: 14348, TID: 23504), JavaEnvironment.cpp:302 (`anonymous-namespace'::detectFullVersion)]
	TRACE: Detect full version of {EA8EE85F-62FC-5C6C-A8C7-3D00FCEF5674} Java installation
[2026/09/12 00:05:04.169, java.exe (PID: 14348, TID: 23504), JavaEnvironment.cpp:213 (`anonymous-namespace'::detectFullVersionFromMsi)]
	TRACE: detectFullVersionFromMsi({EA8EE85F-62FC-5C6C-A8C7-3D00FCEF5674})
[2026/09/12 00:05:04.171, java.exe (PID: 14348, TID: 23504), JavaEnvironment.cpp:481 (`anonymous-namespace'::getInstalledJava)]
	TRACE: InstalledJava(11.0.28+12|11.0.28+12|JDK|64bit|C:\Program Files\Java\jdk-11|{EA8EE85F-62FC-5C6C-A8C7-3D00FCEF5674}|-10|)
[2026/09/12 00:05:04.172, java.exe (PID: 14348, TID: 23504), JavaEnvironment.cpp:519 (JavaEnvironment::detect)]
	TRACE: Installed Java detected: version=; arch=64; productCode={606493F9-D1F1-5355-BB8A-F0E30F1AFFED}; type=1
[2026/09/12 00:05:04.172, java.exe (PID: 14348, TID: 23504), JavaEnvironment.cpp:135 (`anonymous-namespace'::detectHomeDir)]
	TRACE: Find home dir of {606493F9-D1F1-5355-BB8A-F0E30F1AFFED} Java installation
[2026/09/12 00:05:04.172, java.exe (PID: 14348, TID: 23504), JavaEnvironment.cpp:302 (`anonymous-namespace'::detectFullVersion)]
	TRACE: Detect full version of {606493F9-D1F1-5355-BB8A-F0E30F1AFFED} Java installation
[2026/09/12 00:05:04.172, java.exe (PID: 14348, TID: 23504), JavaEnvironment.cpp:213 (`anonymous-namespace'::detectFullVersionFromMsi)]
	TRACE: detectFullVersionFromMsi({606493F9-D1F1-5355-BB8A-F0E30F1AFFED})
[2026/09/12 00:05:04.174, java.exe (PID: 14348, TID: 23504), JavaEnvironment.cpp:481 (`anonymous-namespace'::getInstalledJava)]
	TRACE: InstalledJava(13.0.2+8|13.0.2+8|JDK|64bit|C:\Program Files\Java\jdk-13.0.2|{606493F9-D1F1-5355-BB8A-F0E30F1AFFED}|-10|)
[2026/09/12 00:05:04.174, java.exe (PID: 14348, TID: 23504), JavaEnvironment.cpp:519 (JavaEnvironment::detect)]
	TRACE: Installed Java detected: version=; arch=64; productCode={E04E5624-3CF1-5E84-A439-4D8FAAA05C79}; type=1
[2026/09/12 00:05:04.175, java.exe (PID: 14348, TID: 23504), JavaEnvironment.cpp:135 (`anonymous-namespace'::detectHomeDir)]
	TRACE: Find home dir of {E04E5624-3CF1-5E84-A439-4D8FAAA05C79} Java installation
[2026/09/12 00:05:04.175, java.exe (PID: 14348, TID: 23504), JavaEnvironment.cpp:302 (`anonymous-namespace'::detectFullVersion)]
	TRACE: Detect full version of {E04E5624-3CF1-5E84-A439-4D8FAAA05C79} Java installation
[2026/09/12 00:05:04.175, java.exe (PID: 14348, TID: 23504), JavaEnvironment.cpp:213 (`anonymous-namespace'::detectFullVersionFromMsi)]
	TRACE: detectFullVersionFromMsi({E04E5624-3CF1-5E84-A439-4D8FAAA05C79})
[2026/09/12 00:05:04.177, java.exe (PID: 14348, TID: 23504), JavaEnvironment.cpp:481 (`anonymous-namespace'::getInstalledJava)]
	TRACE: InstalledJava(15+36|15+36|JDK|64bit|C:\Program Files\Java\jdk-15|{E04E5624-3CF1-5E84-A439-4D8FAAA05C79}|-10|)
[2026/09/12 00:05:04.177, java.exe (PID: 14348, TID: 23504), JavaEnvironment.cpp:519 (JavaEnvironment::detect)]
	TRACE: Installed Java detected: version=; arch=64; productCode={DA08718E-972A-58E7-AE7E-C45114C82E13}; type=1
[2026/09/12 00:05:04.177, java.exe (PID: 14348, TID: 23504), JavaEnvironment.cpp:135 (`anonymous-namespace'::detectHomeDir)]
	TRACE: Find home dir of {DA08718E-972A-58E7-AE7E-C45114C82E13} Java installation
[2026/09/12 00:05:04.178, java.exe (PID: 14348, TID: 23504), JavaEnvironment.cpp:302 (`anonymous-namespace'::detectFullVersion)]
	TRACE: Detect full version of {DA08718E-972A-58E7-AE7E-C45114C82E13} Java installation
[2026/09/12 00:05:04.178, java.exe (PID: 14348, TID: 23504), JavaEnvironment.cpp:213 (`anonymous-namespace'::detectFullVersionFromMsi)]
	TRACE: detectFullVersionFromMsi({DA08718E-972A-58E7-AE7E-C45114C82E13})
[2026/09/12 00:05:04.181, java.exe (PID: 14348, TID: 23504), JavaEnvironment.cpp:481 (`anonymous-namespace'::getInstalledJava)]
	TRACE: InstalledJava(17.0.12+8|17.0.12+8|JDK|64bit|C:\Program Files\Java\jdk-17|{DA08718E-972A-58E7-AE7E-C45114C82E13}|-10|)
[2026/09/12 00:05:04.181, java.exe (PID: 14348, TID: 23504), JavaEnvironment.cpp:519 (JavaEnvironment::detect)]
	TRACE: Installed Java detected: version=; arch=64; productCode={D2D0311F-1C55-57CC-95CC-F973FA7660D4}; type=1
[2026/09/12 00:05:04.181, java.exe (PID: 14348, TID: 23504), JavaEnvironment.cpp:135 (`anonymous-namespace'::detectHomeDir)]
	TRACE: Find home dir of {D2D0311F-1C55-57CC-95CC-F973FA7660D4} Java installation
[2026/09/12 00:05:04.182, java.exe (PID: 14348, TID: 23504), JavaEnvironment.cpp:302 (`anonymous-namespace'::detectFullVersion)]
	TRACE: Detect full version of {D2D0311F-1C55-57CC-95CC-F973FA7660D4} Java installation
[2026/09/12 00:05:04.182, java.exe (PID: 14348, TID: 23504), JavaEnvironment.cpp:213 (`anonymous-namespace'::detectFullVersionFromMsi)]
	TRACE: detectFullVersionFromMsi({D2D0311F-1C55-57CC-95CC-F973FA7660D4})
[2026/09/12 00:05:04.183, java.exe (PID: 14348, TID: 23504), JavaEnvironment.cpp:481 (`anonymous-namespace'::getInstalledJava)]
	TRACE: InstalledJava(20.0.2+9|20.0.2+9|JDK|64bit|C:\Program Files\Java\jdk-20|{D2D0311F-1C55-57CC-95CC-F973FA7660D4}|-10|)
[2026/09/12 00:05:04.184, java.exe (PID: 14348, TID: 23504), JavaEnvironment.cpp:519 (JavaEnvironment::detect)]
	TRACE: Installed Java detected: version=; arch=64; productCode={75B0E1AE-DC20-5AC0-A358-61B0256DADBE}; type=1
[2026/09/12 00:05:04.184, java.exe (PID: 14348, TID: 23504), JavaEnvironment.cpp:135 (`anonymous-namespace'::detectHomeDir)]
	TRACE: Find home dir of {75B0E1AE-DC20-5AC0-A358-61B0256DADBE} Java installation
[2026/09/12 00:05:04.184, java.exe (PID: 14348, TID: 23504), JavaEnvironment.cpp:302 (`anonymous-namespace'::detectFullVersion)]
	TRACE: Detect full version of {75B0E1AE-DC20-5AC0-A358-61B0256DADBE} Java installation
[2026/09/12 00:05:04.184, java.exe (PID: 14348, TID: 23504), JavaEnvironment.cpp:213 (`anonymous-namespace'::detectFullVersionFromMsi)]
	TRACE: detectFullVersionFromMsi({75B0E1AE-DC20-5AC0-A358-61B0256DADBE})
[2026/09/12 00:05:04.186, java.exe (PID: 14348, TID: 23504), JavaEnvironment.cpp:481 (`anonymous-namespace'::getInstalledJava)]
	TRACE: InstalledJava(21.0.1+12|21.0.1+12|JDK|64bit|C:\Program Files\Java\jdk-21|{75B0E1AE-DC20-5AC0-A358-61B0256DADBE}|-10|)
[2026/09/12 00:05:04.187, java.exe (PID: 14348, TID: 23504), JavaEnvironment.cpp:519 (JavaEnvironment::detect)]
	TRACE: Installed Java detected: version=; arch=64; productCode={1927BA5F-6CD9-5F60-BBB8-B6A654F98621}; type=1
[2026/09/12 00:05:04.187, java.exe (PID: 14348, TID: 23504), JavaEnvironment.cpp:135 (`anonymous-namespace'::detectHomeDir)]
	TRACE: Find home dir of {1927BA5F-6CD9-5F60-BBB8-B6A654F98621} Java installation
[2026/09/12 00:05:04.187, java.exe (PID: 14348, TID: 23504), JavaEnvironment.cpp:302 (`anonymous-namespace'::detectFullVersion)]
	TRACE: Detect full version of {1927BA5F-6CD9-5F60-BBB8-B6A654F98621} Java installation
[2026/09/12 00:05:04.187, java.exe (PID: 14348, TID: 23504), JavaEnvironment.cpp:213 (`anonymous-namespace'::detectFullVersionFromMsi)]
	TRACE: detectFullVersionFromMsi({1927BA5F-6CD9-5F60-BBB8-B6A654F98621})
[2026/09/12 00:05:04.189, java.exe (PID: 14348, TID: 23504), JavaEnvironment.cpp:481 (`anonymous-namespace'::getInstalledJava)]
	TRACE: InstalledJava(24.0.2+12|24.0.2+12|JDK|64bit|C:\Program Files\Java\jdk-24|{1927BA5F-6CD9-5F60-BBB8-B6A654F98621}|-10|)
[2026/09/12 00:05:04.189, java.exe (PID: 14348, TID: 23504), JavaEnvironment.cpp:519 (JavaEnvironment::detect)]
	TRACE: Installed Java detected: version=; arch=64; productCode={F60B1927-3BC4-51C5-A978-B3F712E0CEEB}; type=1
[2026/09/12 00:05:04.189, java.exe (PID: 14348, TID: 23504), JavaEnvironment.cpp:135 (`anonymous-namespace'::detectHomeDir)]
	TRACE: Find home dir of {F60B1927-3BC4-51C5-A978-B3F712E0CEEB} Java installation
[2026/09/12 00:05:04.189, java.exe (PID: 14348, TID: 23504), JavaEnvironment.cpp:302 (`anonymous-namespace'::detectFullVersion)]
	TRACE: Detect full version of {F60B1927-3BC4-51C5-A978-B3F712E0CEEB} Java installation
[2026/09/12 00:05:04.190, java.exe (PID: 14348, TID: 23504), JavaEnvironment.cpp:213 (`anonymous-namespace'::detectFullVersionFromMsi)]
	TRACE: detectFullVersionFromMsi({F60B1927-3BC4-51C5-A978-B3F712E0CEEB})
[2026/09/12 00:05:04.191, java.exe (PID: 14348, TID: 23504), JavaEnvironment.cpp:481 (`anonymous-namespace'::getInstalledJava)]
	TRACE: InstalledJava(25.0.4+7|25.0.4+7|JDK|64bit|C:\Program Files\Java\jdk-25.0.4|{F60B1927-3BC4-51C5-A978-B3F712E0CEEB}|-10|)
[2026/09/12 00:05:04.192, java.exe (PID: 14348, TID: 23504), JavaEnvironment.cpp:0 (JavaEnvironment::detect)]
	TRACE: Exiting JavaEnvironment::detect (entered at JavaEnvironment.cpp:502)
[2026/09/12 00:05:04.204, java.exe (PID: 14348, TID: 23504), Executor.cpp:706 (Executor2::startProcess)]
	TRACE: CreateProcess(C:\Program Files\Java\jdk-25.0.4\bin\java.exe, "C:\Program Files\Java\jdk-25.0.4\bin\java.exe" -Xmx64m -Xms64m -Dorg.gradle.appname=gradlew -jar C:\Users\alp\Desktop\Latitude-1.20.1-build\\gradle\wrapper\gradle-wrapper.jar "-Dorg.gradle.java.home=C:/Program Files/Java/jdk-17" clean test --tests com.example.globe.world.LatitudeJjThunderHybridContractTest build packageLatitudeJjThunderHybrid --no-daemon) succeeded; PID=8892
[2026/09/12 00:05:35.185, java.exe (PID: 14348, TID: 23504), Executor.cpp:667 (Executor2::execAndWait)]
	TRACE: Process with PID=8892 terminated. Exit code=0
[2026/09/12 00:08:11.902, java.exe (PID: 16856, TID: 16872), JavaEnvironment.cpp:502 (JavaEnvironment::detect)]
	TRACE: Entering JavaEnvironment::detect
[2026/09/12 00:08:11.908, java.exe (PID: 16856, TID: 16872), JavaEnvironment.cpp:519 (JavaEnvironment::detect)]
	TRACE: Installed Java detected: version=1.8.0_401; arch=32; productCode={71024AE4-039E-4CA4-87B4-2F32180401F0}; type=0
[2026/09/12 00:08:11.909, java.exe (PID: 16856, TID: 16872), JavaEnvironment.cpp:519 (JavaEnvironment::detect)]
	TRACE: Installed Java detected: version=1.8.0_431; arch=64; productCode={71024AE4-039E-4CA4-87B4-2F64180431F0}; type=0
[2026/09/12 00:08:11.909, java.exe (PID: 16856, TID: 16872), JavaEnvironment.cpp:519 (JavaEnvironment::detect)]
	TRACE: Installed Java detected: version=1.8.0_231; arch=64; productCode={26A24AE4-039D-4CA4-87B4-2F64180231F0}; type=0
[2026/09/12 00:08:11.909, java.exe (PID: 16856, TID: 16872), JavaEnvironment.cpp:519 (JavaEnvironment::detect)]
	TRACE: Installed Java detected: version=1.8.0; arch=64; productCode={64A3A4F4-B792-11D6-A78A-00B0D0180191}; type=1
[2026/09/12 00:08:11.910, java.exe (PID: 16856, TID: 16872), JavaEnvironment.cpp:135 (`anonymous-namespace'::detectHomeDir)]
	TRACE: Find home dir of {64A3A4F4-B792-11D6-A78A-00B0D0180191} Java installation
[2026/09/12 00:08:11.910, java.exe (PID: 16856, TID: 16872), JavaEnvironment.cpp:302 (`anonymous-namespace'::detectFullVersion)]
	TRACE: Detect full version of {64A3A4F4-B792-11D6-A78A-00B0D0180191} Java installation
[2026/09/12 00:08:11.910, java.exe (PID: 16856, TID: 16872), JavaEnvironment.cpp:213 (`anonymous-namespace'::detectFullVersionFromMsi)]
	TRACE: detectFullVersionFromMsi({64A3A4F4-B792-11D6-A78A-00B0D0180191})
[2026/09/12 00:08:11.915, java.exe (PID: 16856, TID: 16872), JavaEnvironment.cpp:481 (`anonymous-namespace'::getInstalledJava)]
	TRACE: InstalledJava(1.8.0_191-b12|1.8.0_191-b12|JDK|64bit|C:\Program Files\Java\jdk1.8.0_191|{64A3A4F4-B792-11D6-A78A-00B0D0180191}|-10|)
[2026/09/12 00:08:11.932, java.exe (PID: 16856, TID: 16872), JavaEnvironment.cpp:519 (JavaEnvironment::detect)]
	TRACE: Installed Java detected: version=; arch=64; productCode={EA8EE85F-62FC-5C6C-A8C7-3D00FCEF5674}; type=1
[2026/09/12 00:08:11.932, java.exe (PID: 16856, TID: 16872), JavaEnvironment.cpp:135 (`anonymous-namespace'::detectHomeDir)]
	TRACE: Find home dir of {EA8EE85F-62FC-5C6C-A8C7-3D00FCEF5674} Java installation
[2026/09/12 00:08:11.932, java.exe (PID: 16856, TID: 16872), JavaEnvironment.cpp:302 (`anonymous-namespace'::detectFullVersion)]
	TRACE: Detect full version of {EA8EE85F-62FC-5C6C-A8C7-3D00FCEF5674} Java installation
[2026/09/12 00:08:11.933, java.exe (PID: 16856, TID: 16872), JavaEnvironment.cpp:213 (`anonymous-namespace'::detectFullVersionFromMsi)]
	TRACE: detectFullVersionFromMsi({EA8EE85F-62FC-5C6C-A8C7-3D00FCEF5674})
[2026/09/12 00:08:11.935, java.exe (PID: 16856, TID: 16872), JavaEnvironment.cpp:481 (`anonymous-namespace'::getInstalledJava)]
	TRACE: InstalledJava(11.0.28+12|11.0.28+12|JDK|64bit|C:\Program Files\Java\jdk-11|{EA8EE85F-62FC-5C6C-A8C7-3D00FCEF5674}|-10|)
[2026/09/12 00:08:11.936, java.exe (PID: 16856, TID: 16872), JavaEnvironment.cpp:519 (JavaEnvironment::detect)]
	TRACE: Installed Java detected: version=; arch=64; productCode={606493F9-D1F1-5355-BB8A-F0E30F1AFFED}; type=1
[2026/09/12 00:08:11.936, java.exe (PID: 16856, TID: 16872), JavaEnvironment.cpp:135 (`anonymous-namespace'::detectHomeDir)]
	TRACE: Find home dir of {606493F9-D1F1-5355-BB8A-F0E30F1AFFED} Java installation
[2026/09/12 00:08:11.936, java.exe (PID: 16856, TID: 16872), JavaEnvironment.cpp:302 (`anonymous-namespace'::detectFullVersion)]
	TRACE: Detect full version of {606493F9-D1F1-5355-BB8A-F0E30F1AFFED} Java installation
[2026/09/12 00:08:11.936, java.exe (PID: 16856, TID: 16872), JavaEnvironment.cpp:213 (`anonymous-namespace'::detectFullVersionFromMsi)]
	TRACE: detectFullVersionFromMsi({606493F9-D1F1-5355-BB8A-F0E30F1AFFED})
[2026/09/12 00:08:11.938, java.exe (PID: 16856, TID: 16872), JavaEnvironment.cpp:481 (`anonymous-namespace'::getInstalledJava)]
	TRACE: InstalledJava(13.0.2+8|13.0.2+8|JDK|64bit|C:\Program Files\Java\jdk-13.0.2|{606493F9-D1F1-5355-BB8A-F0E30F1AFFED}|-10|)
[2026/09/12 00:08:11.939, java.exe (PID: 16856, TID: 16872), JavaEnvironment.cpp:519 (JavaEnvironment::detect)]
	TRACE: Installed Java detected: version=; arch=64; productCode={E04E5624-3CF1-5E84-A439-4D8FAAA05C79}; type=1
[2026/09/12 00:08:11.939, java.exe (PID: 16856, TID: 16872), JavaEnvironment.cpp:135 (`anonymous-namespace'::detectHomeDir)]
	TRACE: Find home dir of {E04E5624-3CF1-5E84-A439-4D8FAAA05C79} Java installation
[2026/09/12 00:08:11.940, java.exe (PID: 16856, TID: 16872), JavaEnvironment.cpp:302 (`anonymous-namespace'::detectFullVersion)]
	TRACE: Detect full version of {E04E5624-3CF1-5E84-A439-4D8FAAA05C79} Java installation
[2026/09/12 00:08:11.940, java.exe (PID: 16856, TID: 16872), JavaEnvironment.cpp:213 (`anonymous-namespace'::detectFullVersionFromMsi)]
	TRACE: detectFullVersionFromMsi({E04E5624-3CF1-5E84-A439-4D8FAAA05C79})
[2026/09/12 00:08:11.942, java.exe (PID: 16856, TID: 16872), JavaEnvironment.cpp:481 (`anonymous-namespace'::getInstalledJava)]
	TRACE: InstalledJava(15+36|15+36|JDK|64bit|C:\Program Files\Java\jdk-15|{E04E5624-3CF1-5E84-A439-4D8FAAA05C79}|-10|)
[2026/09/12 00:08:11.942, java.exe (PID: 16856, TID: 16872), JavaEnvironment.cpp:519 (JavaEnvironment::detect)]
	TRACE: Installed Java detected: version=; arch=64; productCode={DA08718E-972A-58E7-AE7E-C45114C82E13}; type=1
[2026/09/12 00:08:11.942, java.exe (PID: 16856, TID: 16872), JavaEnvironment.cpp:135 (`anonymous-namespace'::detectHomeDir)]
	TRACE: Find home dir of {DA08718E-972A-58E7-AE7E-C45114C82E13} Java installation
[2026/09/12 00:08:11.943, java.exe (PID: 16856, TID: 16872), JavaEnvironment.cpp:302 (`anonymous-namespace'::detectFullVersion)]
	TRACE: Detect full version of {DA08718E-972A-58E7-AE7E-C45114C82E13} Java installation
[2026/09/12 00:08:11.943, java.exe (PID: 16856, TID: 16872), JavaEnvironment.cpp:213 (`anonymous-namespace'::detectFullVersionFromMsi)]
	TRACE: detectFullVersionFromMsi({DA08718E-972A-58E7-AE7E-C45114C82E13})
[2026/09/12 00:08:11.945, java.exe (PID: 16856, TID: 16872), JavaEnvironment.cpp:481 (`anonymous-namespace'::getInstalledJava)]
	TRACE: InstalledJava(17.0.12+8|17.0.12+8|JDK|64bit|C:\Program Files\Java\jdk-17|{DA08718E-972A-58E7-AE7E-C45114C82E13}|-10|)
[2026/09/12 00:08:11.946, java.exe (PID: 16856, TID: 16872), JavaEnvironment.cpp:519 (JavaEnvironment::detect)]
	TRACE: Installed Java detected: version=; arch=64; productCode={D2D0311F-1C55-57CC-95CC-F973FA7660D4}; type=1
[2026/09/12 00:08:11.946, java.exe (PID: 16856, TID: 16872), JavaEnvironment.cpp:135 (`anonymous-namespace'::detectHomeDir)]
	TRACE: Find home dir of {D2D0311F-1C55-57CC-95CC-F973FA7660D4} Java installation
[2026/09/12 00:08:11.946, java.exe (PID: 16856, TID: 16872), JavaEnvironment.cpp:302 (`anonymous-namespace'::detectFullVersion)]
	TRACE: Detect full version of {D2D0311F-1C55-57CC-95CC-F973FA7660D4} Java installation
[2026/09/12 00:08:11.947, java.exe (PID: 16856, TID: 16872), JavaEnvironment.cpp:213 (`anonymous-namespace'::detectFullVersionFromMsi)]
	TRACE: detectFullVersionFromMsi({D2D0311F-1C55-57CC-95CC-F973FA7660D4})
[2026/09/12 00:08:11.949, java.exe (PID: 16856, TID: 16872), JavaEnvironment.cpp:481 (`anonymous-namespace'::getInstalledJava)]
	TRACE: InstalledJava(20.0.2+9|20.0.2+9|JDK|64bit|C:\Program Files\Java\jdk-20|{D2D0311F-1C55-57CC-95CC-F973FA7660D4}|-10|)
[2026/09/12 00:08:11.949, java.exe (PID: 16856, TID: 16872), JavaEnvironment.cpp:519 (JavaEnvironment::detect)]
	TRACE: Installed Java detected: version=; arch=64; productCode={75B0E1AE-DC20-5AC0-A358-61B0256DADBE}; type=1
[2026/09/12 00:08:11.949, java.exe (PID: 16856, TID: 16872), JavaEnvironment.cpp:135 (`anonymous-namespace'::detectHomeDir)]
	TRACE: Find home dir of {75B0E1AE-DC20-5AC0-A358-61B0256DADBE} Java installation
[2026/09/12 00:08:11.949, java.exe (PID: 16856, TID: 16872), JavaEnvironment.cpp:302 (`anonymous-namespace'::detectFullVersion)]
	TRACE: Detect full version of {75B0E1AE-DC20-5AC0-A358-61B0256DADBE} Java installation
[2026/09/12 00:08:11.950, java.exe (PID: 16856, TID: 16872), JavaEnvironment.cpp:213 (`anonymous-namespace'::detectFullVersionFromMsi)]
	TRACE: detectFullVersionFromMsi({75B0E1AE-DC20-5AC0-A358-61B0256DADBE})
[2026/09/12 00:08:11.951, java.exe (PID: 16856, TID: 16872), JavaEnvironment.cpp:481 (`anonymous-namespace'::getInstalledJava)]
	TRACE: InstalledJava(21.0.1+12|21.0.1+12|JDK|64bit|C:\Program Files\Java\jdk-21|{75B0E1AE-DC20-5AC0-A358-61B0256DADBE}|-10|)
[2026/09/12 00:08:11.952, java.exe (PID: 16856, TID: 16872), JavaEnvironment.cpp:519 (JavaEnvironment::detect)]
	TRACE: Installed Java detected: version=; arch=64; productCode={1927BA5F-6CD9-5F60-BBB8-B6A654F98621}; type=1
[2026/09/12 00:08:11.952, java.exe (PID: 16856, TID: 16872), JavaEnvironment.cpp:135 (`anonymous-namespace'::detectHomeDir)]
	TRACE: Find home dir of {1927BA5F-6CD9-5F60-BBB8-B6A654F98621} Java installation
[2026/09/12 00:08:11.952, java.exe (PID: 16856, TID: 16872), JavaEnvironment.cpp:302 (`anonymous-namespace'::detectFullVersion)]
	TRACE: Detect full version of {1927BA5F-6CD9-5F60-BBB8-B6A654F98621} Java installation
[2026/09/12 00:08:11.952, java.exe (PID: 16856, TID: 16872), JavaEnvironment.cpp:213 (`anonymous-namespace'::detectFullVersionFromMsi)]
	TRACE: detectFullVersionFromMsi({1927BA5F-6CD9-5F60-BBB8-B6A654F98621})
[2026/09/12 00:08:11.954, java.exe (PID: 16856, TID: 16872), JavaEnvironment.cpp:481 (`anonymous-namespace'::getInstalledJava)]
	TRACE: InstalledJava(24.0.2+12|24.0.2+12|JDK|64bit|C:\Program Files\Java\jdk-24|{1927BA5F-6CD9-5F60-BBB8-B6A654F98621}|-10|)
[2026/09/12 00:08:11.954, java.exe (PID: 16856, TID: 16872), JavaEnvironment.cpp:519 (JavaEnvironment::detect)]
	TRACE: Installed Java detected: version=; arch=64; productCode={F60B1927-3BC4-51C5-A978-B3F712E0CEEB}; type=1
[2026/09/12 00:08:11.954, java.exe (PID: 16856, TID: 16872), JavaEnvironment.cpp:135 (`anonymous-namespace'::detectHomeDir)]
	TRACE: Find home dir of {F60B1927-3BC4-51C5-A978-B3F712E0CEEB} Java installation
[2026/09/12 00:08:11.955, java.exe (PID: 16856, TID: 16872), JavaEnvironment.cpp:302 (`anonymous-namespace'::detectFullVersion)]
	TRACE: Detect full version of {F60B1927-3BC4-51C5-A978-B3F712E0CEEB} Java installation
[2026/09/12 00:08:11.955, java.exe (PID: 16856, TID: 16872), JavaEnvironment.cpp:213 (`anonymous-namespace'::detectFullVersionFromMsi)]
	TRACE: detectFullVersionFromMsi({F60B1927-3BC4-51C5-A978-B3F712E0CEEB})
[2026/09/12 00:08:11.956, java.exe (PID: 16856, TID: 16872), JavaEnvironment.cpp:481 (`anonymous-namespace'::getInstalledJava)]
	TRACE: InstalledJava(25.0.4+7|25.0.4+7|JDK|64bit|C:\Program Files\Java\jdk-25.0.4|{F60B1927-3BC4-51C5-A978-B3F712E0CEEB}|-10|)
[2026/09/12 00:08:11.958, java.exe (PID: 16856, TID: 16872), JavaEnvironment.cpp:0 (JavaEnvironment::detect)]
	TRACE: Exiting JavaEnvironment::detect (entered at JavaEnvironment.cpp:502)
[2026/09/12 00:08:11.968, java.exe (PID: 16856, TID: 16872), Executor.cpp:706 (Executor2::startProcess)]
	TRACE: CreateProcess(C:\Program Files\Java\jdk-25.0.4\bin\java.exe, "C:\Program Files\Java\jdk-25.0.4\bin\java.exe" -version) succeeded; PID=616
[2026/09/12 00:08:12.022, java.exe (PID: 16856, TID: 16872), Executor.cpp:667 (Executor2::execAndWait)]
	TRACE: Process with PID=616 terminated. Exit code=0
[2026/09/12 00:08:12.045, java.exe (PID: 12904, TID: 24320), JavaEnvironment.cpp:502 (JavaEnvironment::detect)]
	TRACE: Entering JavaEnvironment::detect
[2026/09/12 00:08:12.055, java.exe (PID: 12904, TID: 24320), JavaEnvironment.cpp:519 (JavaEnvironment::detect)]
	TRACE: Installed Java detected: version=1.8.0_401; arch=32; productCode={71024AE4-039E-4CA4-87B4-2F32180401F0}; type=0
[2026/09/12 00:08:12.056, java.exe (PID: 12904, TID: 24320), JavaEnvironment.cpp:519 (JavaEnvironment::detect)]
	TRACE: Installed Java detected: version=1.8.0_431; arch=64; productCode={71024AE4-039E-4CA4-87B4-2F64180431F0}; type=0
[2026/09/12 00:08:12.056, java.exe (PID: 12904, TID: 24320), JavaEnvironment.cpp:519 (JavaEnvironment::detect)]
	TRACE: Installed Java detected: version=1.8.0_231; arch=64; productCode={26A24AE4-039D-4CA4-87B4-2F64180231F0}; type=0
[2026/09/12 00:08:12.056, java.exe (PID: 12904, TID: 24320), JavaEnvironment.cpp:519 (JavaEnvironment::detect)]
	TRACE: Installed Java detected: version=1.8.0; arch=64; productCode={64A3A4F4-B792-11D6-A78A-00B0D0180191}; type=1
[2026/09/12 00:08:12.057, java.exe (PID: 12904, TID: 24320), JavaEnvironment.cpp:135 (`anonymous-namespace'::detectHomeDir)]
	TRACE: Find home dir of {64A3A4F4-B792-11D6-A78A-00B0D0180191} Java installation
[2026/09/12 00:08:12.057, java.exe (PID: 12904, TID: 24320), JavaEnvironment.cpp:302 (`anonymous-namespace'::detectFullVersion)]
	TRACE: Detect full version of {64A3A4F4-B792-11D6-A78A-00B0D0180191} Java installation
[2026/09/12 00:08:12.057, java.exe (PID: 12904, TID: 24320), JavaEnvironment.cpp:213 (`anonymous-namespace'::detectFullVersionFromMsi)]
	TRACE: detectFullVersionFromMsi({64A3A4F4-B792-11D6-A78A-00B0D0180191})
[2026/09/12 00:08:12.062, java.exe (PID: 12904, TID: 24320), JavaEnvironment.cpp:481 (`anonymous-namespace'::getInstalledJava)]
	TRACE: InstalledJava(1.8.0_191-b12|1.8.0_191-b12|JDK|64bit|C:\Program Files\Java\jdk1.8.0_191|{64A3A4F4-B792-11D6-A78A-00B0D0180191}|-10|)
[2026/09/12 00:08:12.077, java.exe (PID: 12904, TID: 24320), JavaEnvironment.cpp:519 (JavaEnvironment::detect)]
	TRACE: Installed Java detected: version=; arch=64; productCode={EA8EE85F-62FC-5C6C-A8C7-3D00FCEF5674}; type=1
[2026/09/12 00:08:12.077, java.exe (PID: 12904, TID: 24320), JavaEnvironment.cpp:135 (`anonymous-namespace'::detectHomeDir)]
	TRACE: Find home dir of {EA8EE85F-62FC-5C6C-A8C7-3D00FCEF5674} Java installation
[2026/09/12 00:08:12.077, java.exe (PID: 12904, TID: 24320), JavaEnvironment.cpp:302 (`anonymous-namespace'::detectFullVersion)]
	TRACE: Detect full version of {EA8EE85F-62FC-5C6C-A8C7-3D00FCEF5674} Java installation
[2026/09/12 00:08:12.077, java.exe (PID: 12904, TID: 24320), JavaEnvironment.cpp:213 (`anonymous-namespace'::detectFullVersionFromMsi)]
	TRACE: detectFullVersionFromMsi({EA8EE85F-62FC-5C6C-A8C7-3D00FCEF5674})
[2026/09/12 00:08:12.079, java.exe (PID: 12904, TID: 24320), JavaEnvironment.cpp:481 (`anonymous-namespace'::getInstalledJava)]
	TRACE: InstalledJava(11.0.28+12|11.0.28+12|JDK|64bit|C:\Program Files\Java\jdk-11|{EA8EE85F-62FC-5C6C-A8C7-3D00FCEF5674}|-10|)
[2026/09/12 00:08:12.080, java.exe (PID: 12904, TID: 24320), JavaEnvironment.cpp:519 (JavaEnvironment::detect)]
	TRACE: Installed Java detected: version=; arch=64; productCode={606493F9-D1F1-5355-BB8A-F0E30F1AFFED}; type=1
[2026/09/12 00:08:12.080, java.exe (PID: 12904, TID: 24320), JavaEnvironment.cpp:135 (`anonymous-namespace'::detectHomeDir)]
	TRACE: Find home dir of {606493F9-D1F1-5355-BB8A-F0E30F1AFFED} Java installation
[2026/09/12 00:08:12.080, java.exe (PID: 12904, TID: 24320), JavaEnvironment.cpp:302 (`anonymous-namespace'::detectFullVersion)]
	TRACE: Detect full version of {606493F9-D1F1-5355-BB8A-F0E30F1AFFED} Java installation
[2026/09/12 00:08:12.081, java.exe (PID: 12904, TID: 24320), JavaEnvironment.cpp:213 (`anonymous-namespace'::detectFullVersionFromMsi)]
	TRACE: detectFullVersionFromMsi({606493F9-D1F1-5355-BB8A-F0E30F1AFFED})
[2026/09/12 00:08:12.082, java.exe (PID: 12904, TID: 24320), JavaEnvironment.cpp:481 (`anonymous-namespace'::getInstalledJava)]
	TRACE: InstalledJava(13.0.2+8|13.0.2+8|JDK|64bit|C:\Program Files\Java\jdk-13.0.2|{606493F9-D1F1-5355-BB8A-F0E30F1AFFED}|-10|)
[2026/09/12 00:08:12.083, java.exe (PID: 12904, TID: 24320), JavaEnvironment.cpp:519 (JavaEnvironment::detect)]
	TRACE: Installed Java detected: version=; arch=64; productCode={E04E5624-3CF1-5E84-A439-4D8FAAA05C79}; type=1
[2026/09/12 00:08:12.083, java.exe (PID: 12904, TID: 24320), JavaEnvironment.cpp:135 (`anonymous-namespace'::detectHomeDir)]
	TRACE: Find home dir of {E04E5624-3CF1-5E84-A439-4D8FAAA05C79} Java installation
[2026/09/12 00:08:12.083, java.exe (PID: 12904, TID: 24320), JavaEnvironment.cpp:302 (`anonymous-namespace'::detectFullVersion)]
	TRACE: Detect full version of {E04E5624-3CF1-5E84-A439-4D8FAAA05C79} Java installation
[2026/09/12 00:08:12.083, java.exe (PID: 12904, TID: 24320), JavaEnvironment.cpp:213 (`anonymous-namespace'::detectFullVersionFromMsi)]
	TRACE: detectFullVersionFromMsi({E04E5624-3CF1-5E84-A439-4D8FAAA05C79})
[2026/09/12 00:08:12.085, java.exe (PID: 12904, TID: 24320), JavaEnvironment.cpp:481 (`anonymous-namespace'::getInstalledJava)]
	TRACE: InstalledJava(15+36|15+36|JDK|64bit|C:\Program Files\Java\jdk-15|{E04E5624-3CF1-5E84-A439-4D8FAAA05C79}|-10|)
[2026/09/12 00:08:12.085, java.exe (PID: 12904, TID: 24320), JavaEnvironment.cpp:519 (JavaEnvironment::detect)]
	TRACE: Installed Java detected: version=; arch=64; productCode={DA08718E-972A-58E7-AE7E-C45114C82E13}; type=1
[2026/09/12 00:08:12.085, java.exe (PID: 12904, TID: 24320), JavaEnvironment.cpp:135 (`anonymous-namespace'::detectHomeDir)]
	TRACE: Find home dir of {DA08718E-972A-58E7-AE7E-C45114C82E13} Java installation
[2026/09/12 00:08:12.086, java.exe (PID: 12904, TID: 24320), JavaEnvironment.cpp:302 (`anonymous-namespace'::detectFullVersion)]
	TRACE: Detect full version of {DA08718E-972A-58E7-AE7E-C45114C82E13} Java installation
[2026/09/12 00:08:12.086, java.exe (PID: 12904, TID: 24320), JavaEnvironment.cpp:213 (`anonymous-namespace'::detectFullVersionFromMsi)]
	TRACE: detectFullVersionFromMsi({DA08718E-972A-58E7-AE7E-C45114C82E13})
[2026/09/12 00:08:12.087, java.exe (PID: 12904, TID: 24320), JavaEnvironment.cpp:481 (`anonymous-namespace'::getInstalledJava)]
	TRACE: InstalledJava(17.0.12+8|17.0.12+8|JDK|64bit|C:\Program Files\Java\jdk-17|{DA08718E-972A-58E7-AE7E-C45114C82E13}|-10|)
[2026/09/12 00:08:12.088, java.exe (PID: 12904, TID: 24320), JavaEnvironment.cpp:519 (JavaEnvironment::detect)]
	TRACE: Installed Java detected: version=; arch=64; productCode={D2D0311F-1C55-57CC-95CC-F973FA7660D4}; type=1
[2026/09/12 00:08:12.088, java.exe (PID: 12904, TID: 24320), JavaEnvironment.cpp:135 (`anonymous-namespace'::detectHomeDir)]
	TRACE: Find home dir of {D2D0311F-1C55-57CC-95CC-F973FA7660D4} Java installation
[2026/09/12 00:08:12.088, java.exe (PID: 12904, TID: 24320), JavaEnvironment.cpp:302 (`anonymous-namespace'::detectFullVersion)]
	TRACE: Detect full version of {D2D0311F-1C55-57CC-95CC-F973FA7660D4} Java installation
[2026/09/12 00:08:12.088, java.exe (PID: 12904, TID: 24320), JavaEnvironment.cpp:213 (`anonymous-namespace'::detectFullVersionFromMsi)]
	TRACE: detectFullVersionFromMsi({D2D0311F-1C55-57CC-95CC-F973FA7660D4})
[2026/09/12 00:08:12.090, java.exe (PID: 12904, TID: 24320), JavaEnvironment.cpp:481 (`anonymous-namespace'::getInstalledJava)]
	TRACE: InstalledJava(20.0.2+9|20.0.2+9|JDK|64bit|C:\Program Files\Java\jdk-20|{D2D0311F-1C55-57CC-95CC-F973FA7660D4}|-10|)
[2026/09/12 00:08:12.090, java.exe (PID: 12904, TID: 24320), JavaEnvironment.cpp:519 (JavaEnvironment::detect)]
	TRACE: Installed Java detected: version=; arch=64; productCode={75B0E1AE-DC20-5AC0-A358-61B0256DADBE}; type=1
[2026/09/12 00:08:12.090, java.exe (PID: 12904, TID: 24320), JavaEnvironment.cpp:135 (`anonymous-namespace'::detectHomeDir)]
	TRACE: Find home dir of {75B0E1AE-DC20-5AC0-A358-61B0256DADBE} Java installation
[2026/09/12 00:08:12.091, java.exe (PID: 12904, TID: 24320), JavaEnvironment.cpp:302 (`anonymous-namespace'::detectFullVersion)]
	TRACE: Detect full version of {75B0E1AE-DC20-5AC0-A358-61B0256DADBE} Java installation
[2026/09/12 00:08:12.091, java.exe (PID: 12904, TID: 24320), JavaEnvironment.cpp:213 (`anonymous-namespace'::detectFullVersionFromMsi)]
	TRACE: detectFullVersionFromMsi({75B0E1AE-DC20-5AC0-A358-61B0256DADBE})
[2026/09/12 00:08:12.093, java.exe (PID: 12904, TID: 24320), JavaEnvironment.cpp:481 (`anonymous-namespace'::getInstalledJava)]
	TRACE: InstalledJava(21.0.1+12|21.0.1+12|JDK|64bit|C:\Program Files\Java\jdk-21|{75B0E1AE-DC20-5AC0-A358-61B0256DADBE}|-10|)
[2026/09/12 00:08:12.093, java.exe (PID: 12904, TID: 24320), JavaEnvironment.cpp:519 (JavaEnvironment::detect)]
	TRACE: Installed Java detected: version=; arch=64; productCode={1927BA5F-6CD9-5F60-BBB8-B6A654F98621}; type=1
[2026/09/12 00:08:12.093, java.exe (PID: 12904, TID: 24320), JavaEnvironment.cpp:135 (`anonymous-namespace'::detectHomeDir)]
	TRACE: Find home dir of {1927BA5F-6CD9-5F60-BBB8-B6A654F98621} Java installation
[2026/09/12 00:08:12.093, java.exe (PID: 12904, TID: 24320), JavaEnvironment.cpp:302 (`anonymous-namespace'::detectFullVersion)]
	TRACE: Detect full version of {1927BA5F-6CD9-5F60-BBB8-B6A654F98621} Java installation
[2026/09/12 00:08:12.094, java.exe (PID: 12904, TID: 24320), JavaEnvironment.cpp:213 (`anonymous-namespace'::detectFullVersionFromMsi)]
	TRACE: detectFullVersionFromMsi({1927BA5F-6CD9-5F60-BBB8-B6A654F98621})
[2026/09/12 00:08:12.095, java.exe (PID: 12904, TID: 24320), JavaEnvironment.cpp:481 (`anonymous-namespace'::getInstalledJava)]
	TRACE: InstalledJava(24.0.2+12|24.0.2+12|JDK|64bit|C:\Program Files\Java\jdk-24|{1927BA5F-6CD9-5F60-BBB8-B6A654F98621}|-10|)
[2026/09/12 00:08:12.096, java.exe (PID: 12904, TID: 24320), JavaEnvironment.cpp:519 (JavaEnvironment::detect)]
	TRACE: Installed Java detected: version=; arch=64; productCode={F60B1927-3BC4-51C5-A978-B3F712E0CEEB}; type=1
[2026/09/12 00:08:12.096, java.exe (PID: 12904, TID: 24320), JavaEnvironment.cpp:135 (`anonymous-namespace'::detectHomeDir)]
	TRACE: Find home dir of {F60B1927-3BC4-51C5-A978-B3F712E0CEEB} Java installation
[2026/09/12 00:08:12.096, java.exe (PID: 12904, TID: 24320), JavaEnvironment.cpp:302 (`anonymous-namespace'::detectFullVersion)]
	TRACE: Detect full version of {F60B1927-3BC4-51C5-A978-B3F712E0CEEB} Java installation
[2026/09/12 00:08:12.097, java.exe (PID: 12904, TID: 24320), JavaEnvironment.cpp:213 (`anonymous-namespace'::detectFullVersionFromMsi)]
	TRACE: detectFullVersionFromMsi({F60B1927-3BC4-51C5-A978-B3F712E0CEEB})
[2026/09/12 00:08:12.098, java.exe (PID: 12904, TID: 24320), JavaEnvironment.cpp:481 (`anonymous-namespace'::getInstalledJava)]
	TRACE: InstalledJava(25.0.4+7|25.0.4+7|JDK|64bit|C:\Program Files\Java\jdk-25.0.4|{F60B1927-3BC4-51C5-A978-B3F712E0CEEB}|-10|)
[2026/09/12 00:08:12.100, java.exe (PID: 12904, TID: 24320), JavaEnvironment.cpp:0 (JavaEnvironment::detect)]
	TRACE: Exiting JavaEnvironment::detect (entered at JavaEnvironment.cpp:502)
[2026/09/12 00:08:12.109, java.exe (PID: 12904, TID: 24320), Executor.cpp:706 (Executor2::startProcess)]
	TRACE: CreateProcess(C:\Program Files\Java\jdk-25.0.4\bin\java.exe, "C:\Program Files\Java\jdk-25.0.4\bin\java.exe" -Xmx64m -Xms64m -Dorg.gradle.appname=gradlew -jar C:\Users\alp\Desktop\Latitude-1.20.1-build\\gradle\wrapper\gradle-wrapper.jar "-Dorg.gradle.java.home=C:/Program Files/Java/jdk-17" test --tests com.example.globe.world.LatitudeJjThunderHybridContractTest --no-daemon) succeeded; PID=20656
[2026/09/12 00:08:27.282, java.exe (PID: 12904, TID: 24320), Executor.cpp:667 (Executor2::execAndWait)]
	TRACE: Process with PID=20656 terminated. Exit code=1
[2026/09/12 00:08:48.309, java.exe (PID: 23764, TID: 3828), JavaEnvironment.cpp:502 (JavaEnvironment::detect)]
	TRACE: Entering JavaEnvironment::detect
[2026/09/12 00:08:48.316, java.exe (PID: 23764, TID: 3828), JavaEnvironment.cpp:519 (JavaEnvironment::detect)]
	TRACE: Installed Java detected: version=1.8.0_401; arch=32; productCode={71024AE4-039E-4CA4-87B4-2F32180401F0}; type=0
[2026/09/12 00:08:48.316, java.exe (PID: 23764, TID: 3828), JavaEnvironment.cpp:519 (JavaEnvironment::detect)]
	TRACE: Installed Java detected: version=1.8.0_431; arch=64; productCode={71024AE4-039E-4CA4-87B4-2F64180431F0}; type=0
[2026/09/12 00:08:48.317, java.exe (PID: 23764, TID: 3828), JavaEnvironment.cpp:519 (JavaEnvironment::detect)]
	TRACE: Installed Java detected: version=1.8.0_231; arch=64; productCode={26A24AE4-039D-4CA4-87B4-2F64180231F0}; type=0
[2026/09/12 00:08:48.317, java.exe (PID: 23764, TID: 3828), JavaEnvironment.cpp:519 (JavaEnvironment::detect)]
	TRACE: Installed Java detected: version=1.8.0; arch=64; productCode={64A3A4F4-B792-11D6-A78A-00B0D0180191}; type=1
[2026/09/12 00:08:48.317, java.exe (PID: 23764, TID: 3828), JavaEnvironment.cpp:135 (`anonymous-namespace'::detectHomeDir)]
	TRACE: Find home dir of {64A3A4F4-B792-11D6-A78A-00B0D0180191} Java installation
[2026/09/12 00:08:48.318, java.exe (PID: 23764, TID: 3828), JavaEnvironment.cpp:302 (`anonymous-namespace'::detectFullVersion)]
	TRACE: Detect full version of {64A3A4F4-B792-11D6-A78A-00B0D0180191} Java installation
[2026/09/12 00:08:48.318, java.exe (PID: 23764, TID: 3828), JavaEnvironment.cpp:213 (`anonymous-namespace'::detectFullVersionFromMsi)]
	TRACE: detectFullVersionFromMsi({64A3A4F4-B792-11D6-A78A-00B0D0180191})
[2026/09/12 00:08:48.322, java.exe (PID: 23764, TID: 3828), JavaEnvironment.cpp:481 (`anonymous-namespace'::getInstalledJava)]
	TRACE: InstalledJava(1.8.0_191-b12|1.8.0_191-b12|JDK|64bit|C:\Program Files\Java\jdk1.8.0_191|{64A3A4F4-B792-11D6-A78A-00B0D0180191}|-10|)
[2026/09/12 00:08:48.338, java.exe (PID: 23764, TID: 3828), JavaEnvironment.cpp:519 (JavaEnvironment::detect)]
	TRACE: Installed Java detected: version=; arch=64; productCode={EA8EE85F-62FC-5C6C-A8C7-3D00FCEF5674}; type=1
[2026/09/12 00:08:48.338, java.exe (PID: 23764, TID: 3828), JavaEnvironment.cpp:135 (`anonymous-namespace'::detectHomeDir)]
	TRACE: Find home dir of {EA8EE85F-62FC-5C6C-A8C7-3D00FCEF5674} Java installation
[2026/09/12 00:08:48.338, java.exe (PID: 23764, TID: 3828), JavaEnvironment.cpp:302 (`anonymous-namespace'::detectFullVersion)]
	TRACE: Detect full version of {EA8EE85F-62FC-5C6C-A8C7-3D00FCEF5674} Java installation
[2026/09/12 00:08:48.338, java.exe (PID: 23764, TID: 3828), JavaEnvironment.cpp:213 (`anonymous-namespace'::detectFullVersionFromMsi)]
	TRACE: detectFullVersionFromMsi({EA8EE85F-62FC-5C6C-A8C7-3D00FCEF5674})
[2026/09/12 00:08:48.340, java.exe (PID: 23764, TID: 3828), JavaEnvironment.cpp:481 (`anonymous-namespace'::getInstalledJava)]
	TRACE: InstalledJava(11.0.28+12|11.0.28+12|JDK|64bit|C:\Program Files\Java\jdk-11|{EA8EE85F-62FC-5C6C-A8C7-3D00FCEF5674}|-10|)
[2026/09/12 00:08:48.341, java.exe (PID: 23764, TID: 3828), JavaEnvironment.cpp:519 (JavaEnvironment::detect)]
	TRACE: Installed Java detected: version=; arch=64; productCode={606493F9-D1F1-5355-BB8A-F0E30F1AFFED}; type=1
[2026/09/12 00:08:48.341, java.exe (PID: 23764, TID: 3828), JavaEnvironment.cpp:135 (`anonymous-namespace'::detectHomeDir)]
	TRACE: Find home dir of {606493F9-D1F1-5355-BB8A-F0E30F1AFFED} Java installation
[2026/09/12 00:08:48.341, java.exe (PID: 23764, TID: 3828), JavaEnvironment.cpp:302 (`anonymous-namespace'::detectFullVersion)]
	TRACE: Detect full version of {606493F9-D1F1-5355-BB8A-F0E30F1AFFED} Java installation
[2026/09/12 00:08:48.341, java.exe (PID: 23764, TID: 3828), JavaEnvironment.cpp:213 (`anonymous-namespace'::detectFullVersionFromMsi)]
	TRACE: detectFullVersionFromMsi({606493F9-D1F1-5355-BB8A-F0E30F1AFFED})
[2026/09/12 00:08:48.343, java.exe (PID: 23764, TID: 3828), JavaEnvironment.cpp:481 (`anonymous-namespace'::getInstalledJava)]
	TRACE: InstalledJava(13.0.2+8|13.0.2+8|JDK|64bit|C:\Program Files\Java\jdk-13.0.2|{606493F9-D1F1-5355-BB8A-F0E30F1AFFED}|-10|)
[2026/09/12 00:08:48.343, java.exe (PID: 23764, TID: 3828), JavaEnvironment.cpp:519 (JavaEnvironment::detect)]
	TRACE: Installed Java detected: version=; arch=64; productCode={E04E5624-3CF1-5E84-A439-4D8FAAA05C79}; type=1
[2026/09/12 00:08:48.343, java.exe (PID: 23764, TID: 3828), JavaEnvironment.cpp:135 (`anonymous-namespace'::detectHomeDir)]
	TRACE: Find home dir of {E04E5624-3CF1-5E84-A439-4D8FAAA05C79} Java installation
[2026/09/12 00:08:48.344, java.exe (PID: 23764, TID: 3828), JavaEnvironment.cpp:302 (`anonymous-namespace'::detectFullVersion)]
	TRACE: Detect full version of {E04E5624-3CF1-5E84-A439-4D8FAAA05C79} Java installation
[2026/09/12 00:08:48.344, java.exe (PID: 23764, TID: 3828), JavaEnvironment.cpp:213 (`anonymous-namespace'::detectFullVersionFromMsi)]
	TRACE: detectFullVersionFromMsi({E04E5624-3CF1-5E84-A439-4D8FAAA05C79})
[2026/09/12 00:08:48.346, java.exe (PID: 23764, TID: 3828), JavaEnvironment.cpp:481 (`anonymous-namespace'::getInstalledJava)]
	TRACE: InstalledJava(15+36|15+36|JDK|64bit|C:\Program Files\Java\jdk-15|{E04E5624-3CF1-5E84-A439-4D8FAAA05C79}|-10|)
[2026/09/12 00:08:48.347, java.exe (PID: 23764, TID: 3828), JavaEnvironment.cpp:519 (JavaEnvironment::detect)]
	TRACE: Installed Java detected: version=; arch=64; productCode={DA08718E-972A-58E7-AE7E-C45114C82E13}; type=1
[2026/09/12 00:08:48.347, java.exe (PID: 23764, TID: 3828), JavaEnvironment.cpp:135 (`anonymous-namespace'::detectHomeDir)]
	TRACE: Find home dir of {DA08718E-972A-58E7-AE7E-C45114C82E13} Java installation
[2026/09/12 00:08:48.347, java.exe (PID: 23764, TID: 3828), JavaEnvironment.cpp:302 (`anonymous-namespace'::detectFullVersion)]
	TRACE: Detect full version of {DA08718E-972A-58E7-AE7E-C45114C82E13} Java installation
[2026/09/12 00:08:48.347, java.exe (PID: 23764, TID: 3828), JavaEnvironment.cpp:213 (`anonymous-namespace'::detectFullVersionFromMsi)]
	TRACE: detectFullVersionFromMsi({DA08718E-972A-58E7-AE7E-C45114C82E13})
[2026/09/12 00:08:48.350, java.exe (PID: 23764, TID: 3828), JavaEnvironment.cpp:481 (`anonymous-namespace'::getInstalledJava)]
	TRACE: InstalledJava(17.0.12+8|17.0.12+8|JDK|64bit|C:\Program Files\Java\jdk-17|{DA08718E-972A-58E7-AE7E-C45114C82E13}|-10|)
[2026/09/12 00:08:48.350, java.exe (PID: 23764, TID: 3828), JavaEnvironment.cpp:519 (JavaEnvironment::detect)]
	TRACE: Installed Java detected: version=; arch=64; productCode={D2D0311F-1C55-57CC-95CC-F973FA7660D4}; type=1
[2026/09/12 00:08:48.351, java.exe (PID: 23764, TID: 3828), JavaEnvironment.cpp:135 (`anonymous-namespace'::detectHomeDir)]
	TRACE: Find home dir of {D2D0311F-1C55-57CC-95CC-F973FA7660D4} Java installation
[2026/09/12 00:08:48.351, java.exe (PID: 23764, TID: 3828), JavaEnvironment.cpp:302 (`anonymous-namespace'::detectFullVersion)]
	TRACE: Detect full version of {D2D0311F-1C55-57CC-95CC-F973FA7660D4} Java installation
[2026/09/12 00:08:48.351, java.exe (PID: 23764, TID: 3828), JavaEnvironment.cpp:213 (`anonymous-namespace'::detectFullVersionFromMsi)]
	TRACE: detectFullVersionFromMsi({D2D0311F-1C55-57CC-95CC-F973FA7660D4})
[2026/09/12 00:08:48.353, java.exe (PID: 23764, TID: 3828), JavaEnvironment.cpp:481 (`anonymous-namespace'::getInstalledJava)]
	TRACE: InstalledJava(20.0.2+9|20.0.2+9|JDK|64bit|C:\Program Files\Java\jdk-20|{D2D0311F-1C55-57CC-95CC-F973FA7660D4}|-10|)
[2026/09/12 00:08:48.354, java.exe (PID: 23764, TID: 3828), JavaEnvironment.cpp:519 (JavaEnvironment::detect)]
	TRACE: Installed Java detected: version=; arch=64; productCode={75B0E1AE-DC20-5AC0-A358-61B0256DADBE}; type=1
[2026/09/12 00:08:48.354, java.exe (PID: 23764, TID: 3828), JavaEnvironment.cpp:135 (`anonymous-namespace'::detectHomeDir)]
	TRACE: Find home dir of {75B0E1AE-DC20-5AC0-A358-61B0256DADBE} Java installation
[2026/09/12 00:08:48.354, java.exe (PID: 23764, TID: 3828), JavaEnvironment.cpp:302 (`anonymous-namespace'::detectFullVersion)]
	TRACE: Detect full version of {75B0E1AE-DC20-5AC0-A358-61B0256DADBE} Java installation
[2026/09/12 00:08:48.354, java.exe (PID: 23764, TID: 3828), JavaEnvironment.cpp:213 (`anonymous-namespace'::detectFullVersionFromMsi)]
	TRACE: detectFullVersionFromMsi({75B0E1AE-DC20-5AC0-A358-61B0256DADBE})
[2026/09/12 00:08:48.356, java.exe (PID: 23764, TID: 3828), JavaEnvironment.cpp:481 (`anonymous-namespace'::getInstalledJava)]
	TRACE: InstalledJava(21.0.1+12|21.0.1+12|JDK|64bit|C:\Program Files\Java\jdk-21|{75B0E1AE-DC20-5AC0-A358-61B0256DADBE}|-10|)
[2026/09/12 00:08:48.356, java.exe (PID: 23764, TID: 3828), JavaEnvironment.cpp:519 (JavaEnvironment::detect)]
	TRACE: Installed Java detected: version=; arch=64; productCode={1927BA5F-6CD9-5F60-BBB8-B6A654F98621}; type=1
[2026/09/12 00:08:48.356, java.exe (PID: 23764, TID: 3828), JavaEnvironment.cpp:135 (`anonymous-namespace'::detectHomeDir)]
	TRACE: Find home dir of {1927BA5F-6CD9-5F60-BBB8-B6A654F98621} Java installation
[2026/09/12 00:08:48.357, java.exe (PID: 23764, TID: 3828), JavaEnvironment.cpp:302 (`anonymous-namespace'::detectFullVersion)]
	TRACE: Detect full version of {1927BA5F-6CD9-5F60-BBB8-B6A654F98621} Java installation
[2026/09/12 00:08:48.357, java.exe (PID: 23764, TID: 3828), JavaEnvironment.cpp:213 (`anonymous-namespace'::detectFullVersionFromMsi)]
	TRACE: detectFullVersionFromMsi({1927BA5F-6CD9-5F60-BBB8-B6A654F98621})
[2026/09/12 00:08:48.359, java.exe (PID: 23764, TID: 3828), JavaEnvironment.cpp:481 (`anonymous-namespace'::getInstalledJava)]
	TRACE: InstalledJava(24.0.2+12|24.0.2+12|JDK|64bit|C:\Program Files\Java\jdk-24|{1927BA5F-6CD9-5F60-BBB8-B6A654F98621}|-10|)
[2026/09/12 00:08:48.359, java.exe (PID: 23764, TID: 3828), JavaEnvironment.cpp:519 (JavaEnvironment::detect)]
	TRACE: Installed Java detected: version=; arch=64; productCode={F60B1927-3BC4-51C5-A978-B3F712E0CEEB}; type=1
[2026/09/12 00:08:48.359, java.exe (PID: 23764, TID: 3828), JavaEnvironment.cpp:135 (`anonymous-namespace'::detectHomeDir)]
	TRACE: Find home dir of {F60B1927-3BC4-51C5-A978-B3F712E0CEEB} Java installation
[2026/09/12 00:08:48.359, java.exe (PID: 23764, TID: 3828), JavaEnvironment.cpp:302 (`anonymous-namespace'::detectFullVersion)]
	TRACE: Detect full version of {F60B1927-3BC4-51C5-A978-B3F712E0CEEB} Java installation
[2026/09/12 00:08:48.360, java.exe (PID: 23764, TID: 3828), JavaEnvironment.cpp:213 (`anonymous-namespace'::detectFullVersionFromMsi)]
	TRACE: detectFullVersionFromMsi({F60B1927-3BC4-51C5-A978-B3F712E0CEEB})
[2026/09/12 00:08:48.361, java.exe (PID: 23764, TID: 3828), JavaEnvironment.cpp:481 (`anonymous-namespace'::getInstalledJava)]
	TRACE: InstalledJava(25.0.4+7|25.0.4+7|JDK|64bit|C:\Program Files\Java\jdk-25.0.4|{F60B1927-3BC4-51C5-A978-B3F712E0CEEB}|-10|)
[2026/09/12 00:08:48.364, java.exe (PID: 23764, TID: 3828), JavaEnvironment.cpp:0 (JavaEnvironment::detect)]
	TRACE: Exiting JavaEnvironment::detect (entered at JavaEnvironment.cpp:502)
[2026/09/12 00:08:48.372, java.exe (PID: 23764, TID: 3828), Executor.cpp:706 (Executor2::startProcess)]
	TRACE: CreateProcess(C:\Program Files\Java\jdk-25.0.4\bin\java.exe, "C:\Program Files\Java\jdk-25.0.4\bin\java.exe" -version) succeeded; PID=23312
[2026/09/12 00:08:48.431, java.exe (PID: 23764, TID: 3828), Executor.cpp:667 (Executor2::execAndWait)]
	TRACE: Process with PID=23312 terminated. Exit code=0
[2026/09/12 00:08:48.455, java.exe (PID: 20884, TID: 7112), JavaEnvironment.cpp:502 (JavaEnvironment::detect)]
	TRACE: Entering JavaEnvironment::detect
[2026/09/12 00:08:48.461, java.exe (PID: 20884, TID: 7112), JavaEnvironment.cpp:519 (JavaEnvironment::detect)]
	TRACE: Installed Java detected: version=1.8.0_401; arch=32; productCode={71024AE4-039E-4CA4-87B4-2F32180401F0}; type=0
[2026/09/12 00:08:48.461, java.exe (PID: 20884, TID: 7112), JavaEnvironment.cpp:519 (JavaEnvironment::detect)]
	TRACE: Installed Java detected: version=1.8.0_431; arch=64; productCode={71024AE4-039E-4CA4-87B4-2F64180431F0}; type=0
[2026/09/12 00:08:48.462, java.exe (PID: 20884, TID: 7112), JavaEnvironment.cpp:519 (JavaEnvironment::detect)]
	TRACE: Installed Java detected: version=1.8.0_231; arch=64; productCode={26A24AE4-039D-4CA4-87B4-2F64180231F0}; type=0
[2026/09/12 00:08:48.462, java.exe (PID: 20884, TID: 7112), JavaEnvironment.cpp:519 (JavaEnvironment::detect)]
	TRACE: Installed Java detected: version=1.8.0; arch=64; productCode={64A3A4F4-B792-11D6-A78A-00B0D0180191}; type=1
[2026/09/12 00:08:48.462, java.exe (PID: 20884, TID: 7112), JavaEnvironment.cpp:135 (`anonymous-namespace'::detectHomeDir)]
	TRACE: Find home dir of {64A3A4F4-B792-11D6-A78A-00B0D0180191} Java installation
[2026/09/12 00:08:48.463, java.exe (PID: 20884, TID: 7112), JavaEnvironment.cpp:302 (`anonymous-namespace'::detectFullVersion)]
	TRACE: Detect full version of {64A3A4F4-B792-11D6-A78A-00B0D0180191} Java installation
[2026/09/12 00:08:48.463, java.exe (PID: 20884, TID: 7112), JavaEnvironment.cpp:213 (`anonymous-namespace'::detectFullVersionFromMsi)]
	TRACE: detectFullVersionFromMsi({64A3A4F4-B792-11D6-A78A-00B0D0180191})
[2026/09/12 00:08:48.468, java.exe (PID: 20884, TID: 7112), JavaEnvironment.cpp:481 (`anonymous-namespace'::getInstalledJava)]
	TRACE: InstalledJava(1.8.0_191-b12|1.8.0_191-b12|JDK|64bit|C:\Program Files\Java\jdk1.8.0_191|{64A3A4F4-B792-11D6-A78A-00B0D0180191}|-10|)
[2026/09/12 00:08:48.483, java.exe (PID: 20884, TID: 7112), JavaEnvironment.cpp:519 (JavaEnvironment::detect)]
	TRACE: Installed Java detected: version=; arch=64; productCode={EA8EE85F-62FC-5C6C-A8C7-3D00FCEF5674}; type=1
[2026/09/12 00:08:48.483, java.exe (PID: 20884, TID: 7112), JavaEnvironment.cpp:135 (`anonymous-namespace'::detectHomeDir)]
	TRACE: Find home dir of {EA8EE85F-62FC-5C6C-A8C7-3D00FCEF5674} Java installation
[2026/09/12 00:08:48.484, java.exe (PID: 20884, TID: 7112), JavaEnvironment.cpp:302 (`anonymous-namespace'::detectFullVersion)]
	TRACE: Detect full version of {EA8EE85F-62FC-5C6C-A8C7-3D00FCEF5674} Java installation
[2026/09/12 00:08:48.484, java.exe (PID: 20884, TID: 7112), JavaEnvironment.cpp:213 (`anonymous-namespace'::detectFullVersionFromMsi)]
	TRACE: detectFullVersionFromMsi({EA8EE85F-62FC-5C6C-A8C7-3D00FCEF5674})
[2026/09/12 00:08:48.486, java.exe (PID: 20884, TID: 7112), JavaEnvironment.cpp:481 (`anonymous-namespace'::getInstalledJava)]
	TRACE: InstalledJava(11.0.28+12|11.0.28+12|JDK|64bit|C:\Program Files\Java\jdk-11|{EA8EE85F-62FC-5C6C-A8C7-3D00FCEF5674}|-10|)
[2026/09/12 00:08:48.486, java.exe (PID: 20884, TID: 7112), JavaEnvironment.cpp:519 (JavaEnvironment::detect)]
	TRACE: Installed Java detected: version=; arch=64; productCode={606493F9-D1F1-5355-BB8A-F0E30F1AFFED}; type=1
[2026/09/12 00:08:48.486, java.exe (PID: 20884, TID: 7112), JavaEnvironment.cpp:135 (`anonymous-namespace'::detectHomeDir)]
	TRACE: Find home dir of {606493F9-D1F1-5355-BB8A-F0E30F1AFFED} Java installation
[2026/09/12 00:08:48.486, java.exe (PID: 20884, TID: 7112), JavaEnvironment.cpp:302 (`anonymous-namespace'::detectFullVersion)]
	TRACE: Detect full version of {606493F9-D1F1-5355-BB8A-F0E30F1AFFED} Java installation
[2026/09/12 00:08:48.487, java.exe (PID: 20884, TID: 7112), JavaEnvironment.cpp:213 (`anonymous-namespace'::detectFullVersionFromMsi)]
	TRACE: detectFullVersionFromMsi({606493F9-D1F1-5355-BB8A-F0E30F1AFFED})
[2026/09/12 00:08:48.488, java.exe (PID: 20884, TID: 7112), JavaEnvironment.cpp:481 (`anonymous-namespace'::getInstalledJava)]
	TRACE: InstalledJava(13.0.2+8|13.0.2+8|JDK|64bit|C:\Program Files\Java\jdk-13.0.2|{606493F9-D1F1-5355-BB8A-F0E30F1AFFED}|-10|)
[2026/09/12 00:08:48.489, java.exe (PID: 20884, TID: 7112), JavaEnvironment.cpp:519 (JavaEnvironment::detect)]
	TRACE: Installed Java detected: version=; arch=64; productCode={E04E5624-3CF1-5E84-A439-4D8FAAA05C79}; type=1
[2026/09/12 00:08:48.489, java.exe (PID: 20884, TID: 7112), JavaEnvironment.cpp:135 (`anonymous-namespace'::detectHomeDir)]
	TRACE: Find home dir of {E04E5624-3CF1-5E84-A439-4D8FAAA05C79} Java installation
[2026/09/12 00:08:48.489, java.exe (PID: 20884, TID: 7112), JavaEnvironment.cpp:302 (`anonymous-namespace'::detectFullVersion)]
	TRACE: Detect full version of {E04E5624-3CF1-5E84-A439-4D8FAAA05C79} Java installation
[2026/09/12 00:08:48.489, java.exe (PID: 20884, TID: 7112), JavaEnvironment.cpp:213 (`anonymous-namespace'::detectFullVersionFromMsi)]
	TRACE: detectFullVersionFromMsi({E04E5624-3CF1-5E84-A439-4D8FAAA05C79})
[2026/09/12 00:08:48.491, java.exe (PID: 20884, TID: 7112), JavaEnvironment.cpp:481 (`anonymous-namespace'::getInstalledJava)]
	TRACE: InstalledJava(15+36|15+36|JDK|64bit|C:\Program Files\Java\jdk-15|{E04E5624-3CF1-5E84-A439-4D8FAAA05C79}|-10|)
[2026/09/12 00:08:48.491, java.exe (PID: 20884, TID: 7112), JavaEnvironment.cpp:519 (JavaEnvironment::detect)]
	TRACE: Installed Java detected: version=; arch=64; productCode={DA08718E-972A-58E7-AE7E-C45114C82E13}; type=1
[2026/09/12 00:08:48.491, java.exe (PID: 20884, TID: 7112), JavaEnvironment.cpp:135 (`anonymous-namespace'::detectHomeDir)]
	TRACE: Find home dir of {DA08718E-972A-58E7-AE7E-C45114C82E13} Java installation
[2026/09/12 00:08:48.492, java.exe (PID: 20884, TID: 7112), JavaEnvironment.cpp:302 (`anonymous-namespace'::detectFullVersion)]
	TRACE: Detect full version of {DA08718E-972A-58E7-AE7E-C45114C82E13} Java installation
[2026/09/12 00:08:48.492, java.exe (PID: 20884, TID: 7112), JavaEnvironment.cpp:213 (`anonymous-namespace'::detectFullVersionFromMsi)]
	TRACE: detectFullVersionFromMsi({DA08718E-972A-58E7-AE7E-C45114C82E13})
[2026/09/12 00:08:48.493, java.exe (PID: 20884, TID: 7112), JavaEnvironment.cpp:481 (`anonymous-namespace'::getInstalledJava)]
	TRACE: InstalledJava(17.0.12+8|17.0.12+8|JDK|64bit|C:\Program Files\Java\jdk-17|{DA08718E-972A-58E7-AE7E-C45114C82E13}|-10|)
[2026/09/12 00:08:48.494, java.exe (PID: 20884, TID: 7112), JavaEnvironment.cpp:519 (JavaEnvironment::detect)]
	TRACE: Installed Java detected: version=; arch=64; productCode={D2D0311F-1C55-57CC-95CC-F973FA7660D4}; type=1
[2026/09/12 00:08:48.494, java.exe (PID: 20884, TID: 7112), JavaEnvironment.cpp:135 (`anonymous-namespace'::detectHomeDir)]
	TRACE: Find home dir of {D2D0311F-1C55-57CC-95CC-F973FA7660D4} Java installation
[2026/09/12 00:08:48.494, java.exe (PID: 20884, TID: 7112), JavaEnvironment.cpp:302 (`anonymous-namespace'::detectFullVersion)]
	TRACE: Detect full version of {D2D0311F-1C55-57CC-95CC-F973FA7660D4} Java installation
[2026/09/12 00:08:48.495, java.exe (PID: 20884, TID: 7112), JavaEnvironment.cpp:213 (`anonymous-namespace'::detectFullVersionFromMsi)]
	TRACE: detectFullVersionFromMsi({D2D0311F-1C55-57CC-95CC-F973FA7660D4})
[2026/09/12 00:08:48.497, java.exe (PID: 20884, TID: 7112), JavaEnvironment.cpp:481 (`anonymous-namespace'::getInstalledJava)]
	TRACE: InstalledJava(20.0.2+9|20.0.2+9|JDK|64bit|C:\Program Files\Java\jdk-20|{D2D0311F-1C55-57CC-95CC-F973FA7660D4}|-10|)
[2026/09/12 00:08:48.497, java.exe (PID: 20884, TID: 7112), JavaEnvironment.cpp:519 (JavaEnvironment::detect)]
	TRACE: Installed Java detected: version=; arch=64; productCode={75B0E1AE-DC20-5AC0-A358-61B0256DADBE}; type=1
[2026/09/12 00:08:48.498, java.exe (PID: 20884, TID: 7112), JavaEnvironment.cpp:135 (`anonymous-namespace'::detectHomeDir)]
	TRACE: Find home dir of {75B0E1AE-DC20-5AC0-A358-61B0256DADBE} Java installation
[2026/09/12 00:08:48.498, java.exe (PID: 20884, TID: 7112), JavaEnvironment.cpp:302 (`anonymous-namespace'::detectFullVersion)]
	TRACE: Detect full version of {75B0E1AE-DC20-5AC0-A358-61B0256DADBE} Java installation
[2026/09/12 00:08:48.498, java.exe (PID: 20884, TID: 7112), JavaEnvironment.cpp:213 (`anonymous-namespace'::detectFullVersionFromMsi)]
	TRACE: detectFullVersionFromMsi({75B0E1AE-DC20-5AC0-A358-61B0256DADBE})
[2026/09/12 00:08:48.500, java.exe (PID: 20884, TID: 7112), JavaEnvironment.cpp:481 (`anonymous-namespace'::getInstalledJava)]
	TRACE: InstalledJava(21.0.1+12|21.0.1+12|JDK|64bit|C:\Program Files\Java\jdk-21|{75B0E1AE-DC20-5AC0-A358-61B0256DADBE}|-10|)
[2026/09/12 00:08:48.500, java.exe (PID: 20884, TID: 7112), JavaEnvironment.cpp:519 (JavaEnvironment::detect)]
	TRACE: Installed Java detected: version=; arch=64; productCode={1927BA5F-6CD9-5F60-BBB8-B6A654F98621}; type=1
[2026/09/12 00:08:48.500, java.exe (PID: 20884, TID: 7112), JavaEnvironment.cpp:135 (`anonymous-namespace'::detectHomeDir)]
	TRACE: Find home dir of {1927BA5F-6CD9-5F60-BBB8-B6A654F98621} Java installation
[2026/09/12 00:08:48.500, java.exe (PID: 20884, TID: 7112), JavaEnvironment.cpp:302 (`anonymous-namespace'::detectFullVersion)]
	TRACE: Detect full version of {1927BA5F-6CD9-5F60-BBB8-B6A654F98621} Java installation
[2026/09/12 00:08:48.501, java.exe (PID: 20884, TID: 7112), JavaEnvironment.cpp:213 (`anonymous-namespace'::detectFullVersionFromMsi)]
	TRACE: detectFullVersionFromMsi({1927BA5F-6CD9-5F60-BBB8-B6A654F98621})
[2026/09/12 00:08:48.502, java.exe (PID: 20884, TID: 7112), JavaEnvironment.cpp:481 (`anonymous-namespace'::getInstalledJava)]
	TRACE: InstalledJava(24.0.2+12|24.0.2+12|JDK|64bit|C:\Program Files\Java\jdk-24|{1927BA5F-6CD9-5F60-BBB8-B6A654F98621}|-10|)
[2026/09/12 00:08:48.503, java.exe (PID: 20884, TID: 7112), JavaEnvironment.cpp:519 (JavaEnvironment::detect)]
	TRACE: Installed Java detected: version=; arch=64; productCode={F60B1927-3BC4-51C5-A978-B3F712E0CEEB}; type=1
[2026/09/12 00:08:48.503, java.exe (PID: 20884, TID: 7112), JavaEnvironment.cpp:135 (`anonymous-namespace'::detectHomeDir)]
	TRACE: Find home dir of {F60B1927-3BC4-51C5-A978-B3F712E0CEEB} Java installation
[2026/09/12 00:08:48.503, java.exe (PID: 20884, TID: 7112), JavaEnvironment.cpp:302 (`anonymous-namespace'::detectFullVersion)]
	TRACE: Detect full version of {F60B1927-3BC4-51C5-A978-B3F712E0CEEB} Java installation
[2026/09/12 00:08:48.503, java.exe (PID: 20884, TID: 7112), JavaEnvironment.cpp:213 (`anonymous-namespace'::detectFullVersionFromMsi)]
	TRACE: detectFullVersionFromMsi({F60B1927-3BC4-51C5-A978-B3F712E0CEEB})
[2026/09/12 00:08:48.505, java.exe (PID: 20884, TID: 7112), JavaEnvironment.cpp:481 (`anonymous-namespace'::getInstalledJava)]
	TRACE: InstalledJava(25.0.4+7|25.0.4+7|JDK|64bit|C:\Program Files\Java\jdk-25.0.4|{F60B1927-3BC4-51C5-A978-B3F712E0CEEB}|-10|)
[2026/09/12 00:08:48.506, java.exe (PID: 20884, TID: 7112), JavaEnvironment.cpp:0 (JavaEnvironment::detect)]
	TRACE: Exiting JavaEnvironment::detect (entered at JavaEnvironment.cpp:502)
[2026/09/12 00:08:48.516, java.exe (PID: 20884, TID: 7112), Executor.cpp:706 (Executor2::startProcess)]
	TRACE: CreateProcess(C:\Program Files\Java\jdk-25.0.4\bin\java.exe, "C:\Program Files\Java\jdk-25.0.4\bin\java.exe" -Xmx64m -Xms64m -Dorg.gradle.appname=gradlew -jar C:\Users\alp\Desktop\Latitude-1.20.1-build\\gradle\wrapper\gradle-wrapper.jar "-Dorg.gradle.java.home=C:/Program Files/Java/jdk-17" test --tests com.example.globe.world.LatitudeJjThunderHybridContractTest --no-daemon) succeeded; PID=22392
[2026/09/12 00:09:01.714, java.exe (PID: 20884, TID: 7112), Executor.cpp:667 (Executor2::execAndWait)]
	TRACE: Process with PID=22392 terminated. Exit code=0
[2026/09/12 00:09:07.693, java.exe (PID: 17636, TID: 21432), JavaEnvironment.cpp:502 (JavaEnvironment::detect)]
	TRACE: Entering JavaEnvironment::detect
[2026/09/12 00:09:07.701, java.exe (PID: 17636, TID: 21432), JavaEnvironment.cpp:519 (JavaEnvironment::detect)]
	TRACE: Installed Java detected: version=1.8.0_401; arch=32; productCode={71024AE4-039E-4CA4-87B4-2F32180401F0}; type=0
[2026/09/12 00:09:07.702, java.exe (PID: 17636, TID: 21432), JavaEnvironment.cpp:519 (JavaEnvironment::detect)]
	TRACE: Installed Java detected: version=1.8.0_431; arch=64; productCode={71024AE4-039E-4CA4-87B4-2F64180431F0}; type=0
[2026/09/12 00:09:07.702, java.exe (PID: 17636, TID: 21432), JavaEnvironment.cpp:519 (JavaEnvironment::detect)]
	TRACE: Installed Java detected: version=1.8.0_231; arch=64; productCode={26A24AE4-039D-4CA4-87B4-2F64180231F0}; type=0
[2026/09/12 00:09:07.702, java.exe (PID: 17636, TID: 21432), JavaEnvironment.cpp:519 (JavaEnvironment::detect)]
	TRACE: Installed Java detected: version=1.8.0; arch=64; productCode={64A3A4F4-B792-11D6-A78A-00B0D0180191}; type=1
[2026/09/12 00:09:07.703, java.exe (PID: 17636, TID: 21432), JavaEnvironment.cpp:135 (`anonymous-namespace'::detectHomeDir)]
	TRACE: Find home dir of {64A3A4F4-B792-11D6-A78A-00B0D0180191} Java installation
[2026/09/12 00:09:07.703, java.exe (PID: 17636, TID: 21432), JavaEnvironment.cpp:302 (`anonymous-namespace'::detectFullVersion)]
	TRACE: Detect full version of {64A3A4F4-B792-11D6-A78A-00B0D0180191} Java installation
[2026/09/12 00:09:07.703, java.exe (PID: 17636, TID: 21432), JavaEnvironment.cpp:213 (`anonymous-namespace'::detectFullVersionFromMsi)]
	TRACE: detectFullVersionFromMsi({64A3A4F4-B792-11D6-A78A-00B0D0180191})
[2026/09/12 00:09:07.708, java.exe (PID: 17636, TID: 21432), JavaEnvironment.cpp:481 (`anonymous-namespace'::getInstalledJava)]
	TRACE: InstalledJava(1.8.0_191-b12|1.8.0_191-b12|JDK|64bit|C:\Program Files\Java\jdk1.8.0_191|{64A3A4F4-B792-11D6-A78A-00B0D0180191}|-10|)
[2026/09/12 00:09:07.724, java.exe (PID: 17636, TID: 21432), JavaEnvironment.cpp:519 (JavaEnvironment::detect)]
	TRACE: Installed Java detected: version=; arch=64; productCode={EA8EE85F-62FC-5C6C-A8C7-3D00FCEF5674}; type=1
[2026/09/12 00:09:07.725, java.exe (PID: 17636, TID: 21432), JavaEnvironment.cpp:135 (`anonymous-namespace'::detectHomeDir)]
	TRACE: Find home dir of {EA8EE85F-62FC-5C6C-A8C7-3D00FCEF5674} Java installation
[2026/09/12 00:09:07.725, java.exe (PID: 17636, TID: 21432), JavaEnvironment.cpp:302 (`anonymous-namespace'::detectFullVersion)]
	TRACE: Detect full version of {EA8EE85F-62FC-5C6C-A8C7-3D00FCEF5674} Java installation
[2026/09/12 00:09:07.725, java.exe (PID: 17636, TID: 21432), JavaEnvironment.cpp:213 (`anonymous-namespace'::detectFullVersionFromMsi)]
	TRACE: detectFullVersionFromMsi({EA8EE85F-62FC-5C6C-A8C7-3D00FCEF5674})
[2026/09/12 00:09:07.728, java.exe (PID: 17636, TID: 21432), JavaEnvironment.cpp:481 (`anonymous-namespace'::getInstalledJava)]
	TRACE: InstalledJava(11.0.28+12|11.0.28+12|JDK|64bit|C:\Program Files\Java\jdk-11|{EA8EE85F-62FC-5C6C-A8C7-3D00FCEF5674}|-10|)
[2026/09/12 00:09:07.728, java.exe (PID: 17636, TID: 21432), JavaEnvironment.cpp:519 (JavaEnvironment::detect)]
	TRACE: Installed Java detected: version=; arch=64; productCode={606493F9-D1F1-5355-BB8A-F0E30F1AFFED}; type=1
[2026/09/12 00:09:07.729, java.exe (PID: 17636, TID: 21432), JavaEnvironment.cpp:135 (`anonymous-namespace'::detectHomeDir)]
	TRACE: Find home dir of {606493F9-D1F1-5355-BB8A-F0E30F1AFFED} Java installation
[2026/09/12 00:09:07.729, java.exe (PID: 17636, TID: 21432), JavaEnvironment.cpp:302 (`anonymous-namespace'::detectFullVersion)]
	TRACE: Detect full version of {606493F9-D1F1-5355-BB8A-F0E30F1AFFED} Java installation
[2026/09/12 00:09:07.729, java.exe (PID: 17636, TID: 21432), JavaEnvironment.cpp:213 (`anonymous-namespace'::detectFullVersionFromMsi)]
	TRACE: detectFullVersionFromMsi({606493F9-D1F1-5355-BB8A-F0E30F1AFFED})
[2026/09/12 00:09:07.732, java.exe (PID: 17636, TID: 21432), JavaEnvironment.cpp:481 (`anonymous-namespace'::getInstalledJava)]
	TRACE: InstalledJava(13.0.2+8|13.0.2+8|JDK|64bit|C:\Program Files\Java\jdk-13.0.2|{606493F9-D1F1-5355-BB8A-F0E30F1AFFED}|-10|)
[2026/09/12 00:09:07.733, java.exe (PID: 17636, TID: 21432), JavaEnvironment.cpp:519 (JavaEnvironment::detect)]
	TRACE: Installed Java detected: version=; arch=64; productCode={E04E5624-3CF1-5E84-A439-4D8FAAA05C79}; type=1
[2026/09/12 00:09:07.733, java.exe (PID: 17636, TID: 21432), JavaEnvironment.cpp:135 (`anonymous-namespace'::detectHomeDir)]
	TRACE: Find home dir of {E04E5624-3CF1-5E84-A439-4D8FAAA05C79} Java installation
[2026/09/12 00:09:07.733, java.exe (PID: 17636, TID: 21432), JavaEnvironment.cpp:302 (`anonymous-namespace'::detectFullVersion)]
	TRACE: Detect full version of {E04E5624-3CF1-5E84-A439-4D8FAAA05C79} Java installation
[2026/09/12 00:09:07.734, java.exe (PID: 17636, TID: 21432), JavaEnvironment.cpp:213 (`anonymous-namespace'::detectFullVersionFromMsi)]
	TRACE: detectFullVersionFromMsi({E04E5624-3CF1-5E84-A439-4D8FAAA05C79})
[2026/09/12 00:09:07.735, java.exe (PID: 17636, TID: 21432), JavaEnvironment.cpp:481 (`anonymous-namespace'::getInstalledJava)]
	TRACE: InstalledJava(15+36|15+36|JDK|64bit|C:\Program Files\Java\jdk-15|{E04E5624-3CF1-5E84-A439-4D8FAAA05C79}|-10|)
[2026/09/12 00:09:07.736, java.exe (PID: 17636, TID: 21432), JavaEnvironment.cpp:519 (JavaEnvironment::detect)]
	TRACE: Installed Java detected: version=; arch=64; productCode={DA08718E-972A-58E7-AE7E-C45114C82E13}; type=1
[2026/09/12 00:09:07.736, java.exe (PID: 17636, TID: 21432), JavaEnvironment.cpp:135 (`anonymous-namespace'::detectHomeDir)]
	TRACE: Find home dir of {DA08718E-972A-58E7-AE7E-C45114C82E13} Java installation
[2026/09/12 00:09:07.736, java.exe (PID: 17636, TID: 21432), JavaEnvironment.cpp:302 (`anonymous-namespace'::detectFullVersion)]
	TRACE: Detect full version of {DA08718E-972A-58E7-AE7E-C45114C82E13} Java installation
[2026/09/12 00:09:07.736, java.exe (PID: 17636, TID: 21432), JavaEnvironment.cpp:213 (`anonymous-namespace'::detectFullVersionFromMsi)]
	TRACE: detectFullVersionFromMsi({DA08718E-972A-58E7-AE7E-C45114C82E13})
[2026/09/12 00:09:07.738, java.exe (PID: 17636, TID: 21432), JavaEnvironment.cpp:481 (`anonymous-namespace'::getInstalledJava)]
	TRACE: InstalledJava(17.0.12+8|17.0.12+8|JDK|64bit|C:\Program Files\Java\jdk-17|{DA08718E-972A-58E7-AE7E-C45114C82E13}|-10|)
[2026/09/12 00:09:07.738, java.exe (PID: 17636, TID: 21432), JavaEnvironment.cpp:519 (JavaEnvironment::detect)]
	TRACE: Installed Java detected: version=; arch=64; productCode={D2D0311F-1C55-57CC-95CC-F973FA7660D4}; type=1
[2026/09/12 00:09:07.739, java.exe (PID: 17636, TID: 21432), JavaEnvironment.cpp:135 (`anonymous-namespace'::detectHomeDir)]
	TRACE: Find home dir of {D2D0311F-1C55-57CC-95CC-F973FA7660D4} Java installation
[2026/09/12 00:09:07.739, java.exe (PID: 17636, TID: 21432), JavaEnvironment.cpp:302 (`anonymous-namespace'::detectFullVersion)]
	TRACE: Detect full version of {D2D0311F-1C55-57CC-95CC-F973FA7660D4} Java installation
[2026/09/12 00:09:07.739, java.exe (PID: 17636, TID: 21432), JavaEnvironment.cpp:213 (`anonymous-namespace'::detectFullVersionFromMsi)]
	TRACE: detectFullVersionFromMsi({D2D0311F-1C55-57CC-95CC-F973FA7660D4})
[2026/09/12 00:09:07.741, java.exe (PID: 17636, TID: 21432), JavaEnvironment.cpp:481 (`anonymous-namespace'::getInstalledJava)]
	TRACE: InstalledJava(20.0.2+9|20.0.2+9|JDK|64bit|C:\Program Files\Java\jdk-20|{D2D0311F-1C55-57CC-95CC-F973FA7660D4}|-10|)
[2026/09/12 00:09:07.741, java.exe (PID: 17636, TID: 21432), JavaEnvironment.cpp:519 (JavaEnvironment::detect)]
	TRACE: Installed Java detected: version=; arch=64; productCode={75B0E1AE-DC20-5AC0-A358-61B0256DADBE}; type=1
[2026/09/12 00:09:07.741, java.exe (PID: 17636, TID: 21432), JavaEnvironment.cpp:135 (`anonymous-namespace'::detectHomeDir)]
	TRACE: Find home dir of {75B0E1AE-DC20-5AC0-A358-61B0256DADBE} Java installation
[2026/09/12 00:09:07.742, java.exe (PID: 17636, TID: 21432), JavaEnvironment.cpp:302 (`anonymous-namespace'::detectFullVersion)]
	TRACE: Detect full version of {75B0E1AE-DC20-5AC0-A358-61B0256DADBE} Java installation
[2026/09/12 00:09:07.742, java.exe (PID: 17636, TID: 21432), JavaEnvironment.cpp:213 (`anonymous-namespace'::detectFullVersionFromMsi)]
	TRACE: detectFullVersionFromMsi({75B0E1AE-DC20-5AC0-A358-61B0256DADBE})
[2026/09/12 00:09:07.744, java.exe (PID: 17636, TID: 21432), JavaEnvironment.cpp:481 (`anonymous-namespace'::getInstalledJava)]
	TRACE: InstalledJava(21.0.1+12|21.0.1+12|JDK|64bit|C:\Program Files\Java\jdk-21|{75B0E1AE-DC20-5AC0-A358-61B0256DADBE}|-10|)
[2026/09/12 00:09:07.744, java.exe (PID: 17636, TID: 21432), JavaEnvironment.cpp:519 (JavaEnvironment::detect)]
	TRACE: Installed Java detected: version=; arch=64; productCode={1927BA5F-6CD9-5F60-BBB8-B6A654F98621}; type=1
[2026/09/12 00:09:07.744, java.exe (PID: 17636, TID: 21432), JavaEnvironment.cpp:135 (`anonymous-namespace'::detectHomeDir)]
	TRACE: Find home dir of {1927BA5F-6CD9-5F60-BBB8-B6A654F98621} Java installation
[2026/09/12 00:09:07.744, java.exe (PID: 17636, TID: 21432), JavaEnvironment.cpp:302 (`anonymous-namespace'::detectFullVersion)]
	TRACE: Detect full version of {1927BA5F-6CD9-5F60-BBB8-B6A654F98621} Java installation
[2026/09/12 00:09:07.745, java.exe (PID: 17636, TID: 21432), JavaEnvironment.cpp:213 (`anonymous-namespace'::detectFullVersionFromMsi)]
	TRACE: detectFullVersionFromMsi({1927BA5F-6CD9-5F60-BBB8-B6A654F98621})
[2026/09/12 00:09:07.748, java.exe (PID: 17636, TID: 21432), JavaEnvironment.cpp:481 (`anonymous-namespace'::getInstalledJava)]
	TRACE: InstalledJava(24.0.2+12|24.0.2+12|JDK|64bit|C:\Program Files\Java\jdk-24|{1927BA5F-6CD9-5F60-BBB8-B6A654F98621}|-10|)
[2026/09/12 00:09:07.748, java.exe (PID: 17636, TID: 21432), JavaEnvironment.cpp:519 (JavaEnvironment::detect)]
	TRACE: Installed Java detected: version=; arch=64; productCode={F60B1927-3BC4-51C5-A978-B3F712E0CEEB}; type=1
[2026/09/12 00:09:07.749, java.exe (PID: 17636, TID: 21432), JavaEnvironment.cpp:135 (`anonymous-namespace'::detectHomeDir)]
	TRACE: Find home dir of {F60B1927-3BC4-51C5-A978-B3F712E0CEEB} Java installation
[2026/09/12 00:09:07.749, java.exe (PID: 17636, TID: 21432), JavaEnvironment.cpp:302 (`anonymous-namespace'::detectFullVersion)]
	TRACE: Detect full version of {F60B1927-3BC4-51C5-A978-B3F712E0CEEB} Java installation
[2026/09/12 00:09:07.749, java.exe (PID: 17636, TID: 21432), JavaEnvironment.cpp:213 (`anonymous-namespace'::detectFullVersionFromMsi)]
	TRACE: detectFullVersionFromMsi({F60B1927-3BC4-51C5-A978-B3F712E0CEEB})
[2026/09/12 00:09:07.751, java.exe (PID: 17636, TID: 21432), JavaEnvironment.cpp:481 (`anonymous-namespace'::getInstalledJava)]
	TRACE: InstalledJava(25.0.4+7|25.0.4+7|JDK|64bit|C:\Program Files\Java\jdk-25.0.4|{F60B1927-3BC4-51C5-A978-B3F712E0CEEB}|-10|)
[2026/09/12 00:09:07.752, java.exe (PID: 17636, TID: 21432), JavaEnvironment.cpp:0 (JavaEnvironment::detect)]
	TRACE: Exiting JavaEnvironment::detect (entered at JavaEnvironment.cpp:502)
[2026/09/12 00:09:07.761, java.exe (PID: 17636, TID: 21432), Executor.cpp:706 (Executor2::startProcess)]
	TRACE: CreateProcess(C:\Program Files\Java\jdk-25.0.4\bin\java.exe, "C:\Program Files\Java\jdk-25.0.4\bin\java.exe" -version) succeeded; PID=8756
[2026/09/12 00:09:07.815, java.exe (PID: 17636, TID: 21432), Executor.cpp:667 (Executor2::execAndWait)]
	TRACE: Process with PID=8756 terminated. Exit code=0
[2026/09/12 00:09:07.835, java.exe (PID: 23220, TID: 23192), JavaEnvironment.cpp:502 (JavaEnvironment::detect)]
	TRACE: Entering JavaEnvironment::detect
[2026/09/12 00:09:07.841, java.exe (PID: 23220, TID: 23192), JavaEnvironment.cpp:519 (JavaEnvironment::detect)]
	TRACE: Installed Java detected: version=1.8.0_401; arch=32; productCode={71024AE4-039E-4CA4-87B4-2F32180401F0}; type=0
[2026/09/12 00:09:07.841, java.exe (PID: 23220, TID: 23192), JavaEnvironment.cpp:519 (JavaEnvironment::detect)]
	TRACE: Installed Java detected: version=1.8.0_431; arch=64; productCode={71024AE4-039E-4CA4-87B4-2F64180431F0}; type=0
[2026/09/12 00:09:07.842, java.exe (PID: 23220, TID: 23192), JavaEnvironment.cpp:519 (JavaEnvironment::detect)]
	TRACE: Installed Java detected: version=1.8.0_231; arch=64; productCode={26A24AE4-039D-4CA4-87B4-2F64180231F0}; type=0
[2026/09/12 00:09:07.842, java.exe (PID: 23220, TID: 23192), JavaEnvironment.cpp:519 (JavaEnvironment::detect)]
	TRACE: Installed Java detected: version=1.8.0; arch=64; productCode={64A3A4F4-B792-11D6-A78A-00B0D0180191}; type=1
[2026/09/12 00:09:07.842, java.exe (PID: 23220, TID: 23192), JavaEnvironment.cpp:135 (`anonymous-namespace'::detectHomeDir)]
	TRACE: Find home dir of {64A3A4F4-B792-11D6-A78A-00B0D0180191} Java installation
[2026/09/12 00:09:07.842, java.exe (PID: 23220, TID: 23192), JavaEnvironment.cpp:302 (`anonymous-namespace'::detectFullVersion)]
	TRACE: Detect full version of {64A3A4F4-B792-11D6-A78A-00B0D0180191} Java installation
[2026/09/12 00:09:07.843, java.exe (PID: 23220, TID: 23192), JavaEnvironment.cpp:213 (`anonymous-namespace'::detectFullVersionFromMsi)]
	TRACE: detectFullVersionFromMsi({64A3A4F4-B792-11D6-A78A-00B0D0180191})
[2026/09/12 00:09:07.848, java.exe (PID: 23220, TID: 23192), JavaEnvironment.cpp:481 (`anonymous-namespace'::getInstalledJava)]
	TRACE: InstalledJava(1.8.0_191-b12|1.8.0_191-b12|JDK|64bit|C:\Program Files\Java\jdk1.8.0_191|{64A3A4F4-B792-11D6-A78A-00B0D0180191}|-10|)
[2026/09/12 00:09:07.862, java.exe (PID: 23220, TID: 23192), JavaEnvironment.cpp:519 (JavaEnvironment::detect)]
	TRACE: Installed Java detected: version=; arch=64; productCode={EA8EE85F-62FC-5C6C-A8C7-3D00FCEF5674}; type=1
[2026/09/12 00:09:07.862, java.exe (PID: 23220, TID: 23192), JavaEnvironment.cpp:135 (`anonymous-namespace'::detectHomeDir)]
	TRACE: Find home dir of {EA8EE85F-62FC-5C6C-A8C7-3D00FCEF5674} Java installation
[2026/09/12 00:09:07.863, java.exe (PID: 23220, TID: 23192), JavaEnvironment.cpp:302 (`anonymous-namespace'::detectFullVersion)]
	TRACE: Detect full version of {EA8EE85F-62FC-5C6C-A8C7-3D00FCEF5674} Java installation
[2026/09/12 00:09:07.863, java.exe (PID: 23220, TID: 23192), JavaEnvironment.cpp:213 (`anonymous-namespace'::detectFullVersionFromMsi)]
	TRACE: detectFullVersionFromMsi({EA8EE85F-62FC-5C6C-A8C7-3D00FCEF5674})
[2026/09/12 00:09:07.866, java.exe (PID: 23220, TID: 23192), JavaEnvironment.cpp:481 (`anonymous-namespace'::getInstalledJava)]
	TRACE: InstalledJava(11.0.28+12|11.0.28+12|JDK|64bit|C:\Program Files\Java\jdk-11|{EA8EE85F-62FC-5C6C-A8C7-3D00FCEF5674}|-10|)
[2026/09/12 00:09:07.867, java.exe (PID: 23220, TID: 23192), JavaEnvironment.cpp:519 (JavaEnvironment::detect)]
	TRACE: Installed Java detected: version=; arch=64; productCode={606493F9-D1F1-5355-BB8A-F0E30F1AFFED}; type=1
[2026/09/12 00:09:07.867, java.exe (PID: 23220, TID: 23192), JavaEnvironment.cpp:135 (`anonymous-namespace'::detectHomeDir)]
	TRACE: Find home dir of {606493F9-D1F1-5355-BB8A-F0E30F1AFFED} Java installation
[2026/09/12 00:09:07.867, java.exe (PID: 23220, TID: 23192), JavaEnvironment.cpp:302 (`anonymous-namespace'::detectFullVersion)]
	TRACE: Detect full version of {606493F9-D1F1-5355-BB8A-F0E30F1AFFED} Java installation
[2026/09/12 00:09:07.868, java.exe (PID: 23220, TID: 23192), JavaEnvironment.cpp:213 (`anonymous-namespace'::detectFullVersionFromMsi)]
	TRACE: detectFullVersionFromMsi({606493F9-D1F1-5355-BB8A-F0E30F1AFFED})
[2026/09/12 00:09:07.870, java.exe (PID: 23220, TID: 23192), JavaEnvironment.cpp:481 (`anonymous-namespace'::getInstalledJava)]
	TRACE: InstalledJava(13.0.2+8|13.0.2+8|JDK|64bit|C:\Program Files\Java\jdk-13.0.2|{606493F9-D1F1-5355-BB8A-F0E30F1AFFED}|-10|)
[2026/09/12 00:09:07.870, java.exe (PID: 23220, TID: 23192), JavaEnvironment.cpp:519 (JavaEnvironment::detect)]
	TRACE: Installed Java detected: version=; arch=64; productCode={E04E5624-3CF1-5E84-A439-4D8FAAA05C79}; type=1
[2026/09/12 00:09:07.871, java.exe (PID: 23220, TID: 23192), JavaEnvironment.cpp:135 (`anonymous-namespace'::detectHomeDir)]
	TRACE: Find home dir of {E04E5624-3CF1-5E84-A439-4D8FAAA05C79} Java installation
[2026/09/12 00:09:07.871, java.exe (PID: 23220, TID: 23192), JavaEnvironment.cpp:302 (`anonymous-namespace'::detectFullVersion)]
	TRACE: Detect full version of {E04E5624-3CF1-5E84-A439-4D8FAAA05C79} Java installation
[2026/09/12 00:09:07.871, java.exe (PID: 23220, TID: 23192), JavaEnvironment.cpp:213 (`anonymous-namespace'::detectFullVersionFromMsi)]
	TRACE: detectFullVersionFromMsi({E04E5624-3CF1-5E84-A439-4D8FAAA05C79})
[2026/09/12 00:09:07.874, java.exe (PID: 23220, TID: 23192), JavaEnvironment.cpp:481 (`anonymous-namespace'::getInstalledJava)]
	TRACE: InstalledJava(15+36|15+36|JDK|64bit|C:\Program Files\Java\jdk-15|{E04E5624-3CF1-5E84-A439-4D8FAAA05C79}|-10|)
[2026/09/12 00:09:07.874, java.exe (PID: 23220, TID: 23192), JavaEnvironment.cpp:519 (JavaEnvironment::detect)]
	TRACE: Installed Java detected: version=; arch=64; productCode={DA08718E-972A-58E7-AE7E-C45114C82E13}; type=1
[2026/09/12 00:09:07.874, java.exe (PID: 23220, TID: 23192), JavaEnvironment.cpp:135 (`anonymous-namespace'::detectHomeDir)]
	TRACE: Find home dir of {DA08718E-972A-58E7-AE7E-C45114C82E13} Java installation
[2026/09/12 00:09:07.875, java.exe (PID: 23220, TID: 23192), JavaEnvironment.cpp:302 (`anonymous-namespace'::detectFullVersion)]
	TRACE: Detect full version of {DA08718E-972A-58E7-AE7E-C45114C82E13} Java installation
[2026/09/12 00:09:07.875, java.exe (PID: 23220, TID: 23192), JavaEnvironment.cpp:213 (`anonymous-namespace'::detectFullVersionFromMsi)]
	TRACE: detectFullVersionFromMsi({DA08718E-972A-58E7-AE7E-C45114C82E13})
[2026/09/12 00:09:07.877, java.exe (PID: 23220, TID: 23192), JavaEnvironment.cpp:481 (`anonymous-namespace'::getInstalledJava)]
	TRACE: InstalledJava(17.0.12+8|17.0.12+8|JDK|64bit|C:\Program Files\Java\jdk-17|{DA08718E-972A-58E7-AE7E-C45114C82E13}|-10|)
[2026/09/12 00:09:07.877, java.exe (PID: 23220, TID: 23192), JavaEnvironment.cpp:519 (JavaEnvironment::detect)]
	TRACE: Installed Java detected: version=; arch=64; productCode={D2D0311F-1C55-57CC-95CC-F973FA7660D4}; type=1
[2026/09/12 00:09:07.877, java.exe (PID: 23220, TID: 23192), JavaEnvironment.cpp:135 (`anonymous-namespace'::detectHomeDir)]
	TRACE: Find home dir of {D2D0311F-1C55-57CC-95CC-F973FA7660D4} Java installation
[2026/09/12 00:09:07.878, java.exe (PID: 23220, TID: 23192), JavaEnvironment.cpp:302 (`anonymous-namespace'::detectFullVersion)]
	TRACE: Detect full version of {D2D0311F-1C55-57CC-95CC-F973FA7660D4} Java installation
[2026/09/12 00:09:07.878, java.exe (PID: 23220, TID: 23192), JavaEnvironment.cpp:213 (`anonymous-namespace'::detectFullVersionFromMsi)]
	TRACE: detectFullVersionFromMsi({D2D0311F-1C55-57CC-95CC-F973FA7660D4})
[2026/09/12 00:09:07.880, java.exe (PID: 23220, TID: 23192), JavaEnvironment.cpp:481 (`anonymous-namespace'::getInstalledJava)]
	TRACE: InstalledJava(20.0.2+9|20.0.2+9|JDK|64bit|C:\Program Files\Java\jdk-20|{D2D0311F-1C55-57CC-95CC-F973FA7660D4}|-10|)
[2026/09/12 00:09:07.881, java.exe (PID: 23220, TID: 23192), JavaEnvironment.cpp:519 (JavaEnvironment::detect)]
	TRACE: Installed Java detected: version=; arch=64; productCode={75B0E1AE-DC20-5AC0-A358-61B0256DADBE}; type=1
[2026/09/12 00:09:07.881, java.exe (PID: 23220, TID: 23192), JavaEnvironment.cpp:135 (`anonymous-namespace'::detectHomeDir)]
	TRACE: Find home dir of {75B0E1AE-DC20-5AC0-A358-61B0256DADBE} Java installation
[2026/09/12 00:09:07.881, java.exe (PID: 23220, TID: 23192), JavaEnvironment.cpp:302 (`anonymous-namespace'::detectFullVersion)]
	TRACE: Detect full version of {75B0E1AE-DC20-5AC0-A358-61B0256DADBE} Java installation
[2026/09/12 00:09:07.881, java.exe (PID: 23220, TID: 23192), JavaEnvironment.cpp:213 (`anonymous-namespace'::detectFullVersionFromMsi)]
	TRACE: detectFullVersionFromMsi({75B0E1AE-DC20-5AC0-A358-61B0256DADBE})
[2026/09/12 00:09:07.883, java.exe (PID: 23220, TID: 23192), JavaEnvironment.cpp:481 (`anonymous-namespace'::getInstalledJava)]
	TRACE: InstalledJava(21.0.1+12|21.0.1+12|JDK|64bit|C:\Program Files\Java\jdk-21|{75B0E1AE-DC20-5AC0-A358-61B0256DADBE}|-10|)
[2026/09/12 00:09:07.884, java.exe (PID: 23220, TID: 23192), JavaEnvironment.cpp:519 (JavaEnvironment::detect)]
	TRACE: Installed Java detected: version=; arch=64; productCode={1927BA5F-6CD9-5F60-BBB8-B6A654F98621}; type=1
[2026/09/12 00:09:07.884, java.exe (PID: 23220, TID: 23192), JavaEnvironment.cpp:135 (`anonymous-namespace'::detectHomeDir)]
	TRACE: Find home dir of {1927BA5F-6CD9-5F60-BBB8-B6A654F98621} Java installation
[2026/09/12 00:09:07.885, java.exe (PID: 23220, TID: 23192), JavaEnvironment.cpp:302 (`anonymous-namespace'::detectFullVersion)]
	TRACE: Detect full version of {1927BA5F-6CD9-5F60-BBB8-B6A654F98621} Java installation
[2026/09/12 00:09:07.885, java.exe (PID: 23220, TID: 23192), JavaEnvironment.cpp:213 (`anonymous-namespace'::detectFullVersionFromMsi)]
	TRACE: detectFullVersionFromMsi({1927BA5F-6CD9-5F60-BBB8-B6A654F98621})
[2026/09/12 00:09:07.887, java.exe (PID: 23220, TID: 23192), JavaEnvironment.cpp:481 (`anonymous-namespace'::getInstalledJava)]
	TRACE: InstalledJava(24.0.2+12|24.0.2+12|JDK|64bit|C:\Program Files\Java\jdk-24|{1927BA5F-6CD9-5F60-BBB8-B6A654F98621}|-10|)
[2026/09/12 00:09:07.888, java.exe (PID: 23220, TID: 23192), JavaEnvironment.cpp:519 (JavaEnvironment::detect)]
	TRACE: Installed Java detected: version=; arch=64; productCode={F60B1927-3BC4-51C5-A978-B3F712E0CEEB}; type=1
[2026/09/12 00:09:07.888, java.exe (PID: 23220, TID: 23192), JavaEnvironment.cpp:135 (`anonymous-namespace'::detectHomeDir)]
	TRACE: Find home dir of {F60B1927-3BC4-51C5-A978-B3F712E0CEEB} Java installation
[2026/09/12 00:09:07.888, java.exe (PID: 23220, TID: 23192), JavaEnvironment.cpp:302 (`anonymous-namespace'::detectFullVersion)]
	TRACE: Detect full version of {F60B1927-3BC4-51C5-A978-B3F712E0CEEB} Java installation
[2026/09/12 00:09:07.888, java.exe (PID: 23220, TID: 23192), JavaEnvironment.cpp:213 (`anonymous-namespace'::detectFullVersionFromMsi)]
	TRACE: detectFullVersionFromMsi({F60B1927-3BC4-51C5-A978-B3F712E0CEEB})
[2026/09/12 00:09:07.891, java.exe (PID: 23220, TID: 23192), JavaEnvironment.cpp:481 (`anonymous-namespace'::getInstalledJava)]
	TRACE: InstalledJava(25.0.4+7|25.0.4+7|JDK|64bit|C:\Program Files\Java\jdk-25.0.4|{F60B1927-3BC4-51C5-A978-B3F712E0CEEB}|-10|)
[2026/09/12 00:09:07.894, java.exe (PID: 23220, TID: 23192), JavaEnvironment.cpp:0 (JavaEnvironment::detect)]
	TRACE: Exiting JavaEnvironment::detect (entered at JavaEnvironment.cpp:502)
[2026/09/12 00:09:07.904, java.exe (PID: 23220, TID: 23192), Executor.cpp:706 (Executor2::startProcess)]
	TRACE: CreateProcess(C:\Program Files\Java\jdk-25.0.4\bin\java.exe, "C:\Program Files\Java\jdk-25.0.4\bin\java.exe" -Xmx64m -Xms64m -Dorg.gradle.appname=gradlew -jar C:\Users\alp\Desktop\Latitude-1.20.1-build\\gradle\wrapper\gradle-wrapper.jar "-Dorg.gradle.java.home=C:/Program Files/Java/jdk-17" clean build packageLatitudeJjThunderHybrid --no-daemon) succeeded; PID=7932
[2026/09/12 00:09:37.831, java.exe (PID: 23220, TID: 23192), Executor.cpp:667 (Executor2::execAndWait)]
	TRACE: Process with PID=7932 terminated. Exit code=0
[2026/09/12 00:10:02.575, java.exe (PID: 21876, TID: 19996), JavaEnvironment.cpp:502 (JavaEnvironment::detect)]
	TRACE: Entering JavaEnvironment::detect
[2026/09/12 00:10:02.582, java.exe (PID: 21876, TID: 19996), JavaEnvironment.cpp:519 (JavaEnvironment::detect)]
	TRACE: Installed Java detected: version=1.8.0_401; arch=32; productCode={71024AE4-039E-4CA4-87B4-2F32180401F0}; type=0
[2026/09/12 00:10:02.582, java.exe (PID: 21876, TID: 19996), JavaEnvironment.cpp:519 (JavaEnvironment::detect)]
	TRACE: Installed Java detected: version=1.8.0_431; arch=64; productCode={71024AE4-039E-4CA4-87B4-2F64180431F0}; type=0
[2026/09/12 00:10:02.583, java.exe (PID: 21876, TID: 19996), JavaEnvironment.cpp:519 (JavaEnvironment::detect)]
	TRACE: Installed Java detected: version=1.8.0_231; arch=64; productCode={26A24AE4-039D-4CA4-87B4-2F64180231F0}; type=0
[2026/09/12 00:10:02.583, java.exe (PID: 21876, TID: 19996), JavaEnvironment.cpp:519 (JavaEnvironment::detect)]
	TRACE: Installed Java detected: version=1.8.0; arch=64; productCode={64A3A4F4-B792-11D6-A78A-00B0D0180191}; type=1
[2026/09/12 00:10:02.583, java.exe (PID: 21876, TID: 19996), JavaEnvironment.cpp:135 (`anonymous-namespace'::detectHomeDir)]
	TRACE: Find home dir of {64A3A4F4-B792-11D6-A78A-00B0D0180191} Java installation
[2026/09/12 00:10:02.583, java.exe (PID: 21876, TID: 19996), JavaEnvironment.cpp:302 (`anonymous-namespace'::detectFullVersion)]
	TRACE: Detect full version of {64A3A4F4-B792-11D6-A78A-00B0D0180191} Java installation
[2026/09/12 00:10:02.584, java.exe (PID: 21876, TID: 19996), JavaEnvironment.cpp:213 (`anonymous-namespace'::detectFullVersionFromMsi)]
	TRACE: detectFullVersionFromMsi({64A3A4F4-B792-11D6-A78A-00B0D0180191})
[2026/09/12 00:10:02.588, java.exe (PID: 21876, TID: 19996), JavaEnvironment.cpp:481 (`anonymous-namespace'::getInstalledJava)]
	TRACE: InstalledJava(1.8.0_191-b12|1.8.0_191-b12|JDK|64bit|C:\Program Files\Java\jdk1.8.0_191|{64A3A4F4-B792-11D6-A78A-00B0D0180191}|-10|)
[2026/09/12 00:10:02.602, java.exe (PID: 21876, TID: 19996), JavaEnvironment.cpp:519 (JavaEnvironment::detect)]
	TRACE: Installed Java detected: version=; arch=64; productCode={EA8EE85F-62FC-5C6C-A8C7-3D00FCEF5674}; type=1
[2026/09/12 00:10:02.603, java.exe (PID: 21876, TID: 19996), JavaEnvironment.cpp:135 (`anonymous-namespace'::detectHomeDir)]
	TRACE: Find home dir of {EA8EE85F-62FC-5C6C-A8C7-3D00FCEF5674} Java installation
[2026/09/12 00:10:02.603, java.exe (PID: 21876, TID: 19996), JavaEnvironment.cpp:302 (`anonymous-namespace'::detectFullVersion)]
	TRACE: Detect full version of {EA8EE85F-62FC-5C6C-A8C7-3D00FCEF5674} Java installation
[2026/09/12 00:10:02.603, java.exe (PID: 21876, TID: 19996), JavaEnvironment.cpp:213 (`anonymous-namespace'::detectFullVersionFromMsi)]
	TRACE: detectFullVersionFromMsi({EA8EE85F-62FC-5C6C-A8C7-3D00FCEF5674})
[2026/09/12 00:10:02.605, java.exe (PID: 21876, TID: 19996), JavaEnvironment.cpp:481 (`anonymous-namespace'::getInstalledJava)]
	TRACE: InstalledJava(11.0.28+12|11.0.28+12|JDK|64bit|C:\Program Files\Java\jdk-11|{EA8EE85F-62FC-5C6C-A8C7-3D00FCEF5674}|-10|)
[2026/09/12 00:10:02.605, java.exe (PID: 21876, TID: 19996), JavaEnvironment.cpp:519 (JavaEnvironment::detect)]
	TRACE: Installed Java detected: version=; arch=64; productCode={606493F9-D1F1-5355-BB8A-F0E30F1AFFED}; type=1
[2026/09/12 00:10:02.605, java.exe (PID: 21876, TID: 19996), JavaEnvironment.cpp:135 (`anonymous-namespace'::detectHomeDir)]
	TRACE: Find home dir of {606493F9-D1F1-5355-BB8A-F0E30F1AFFED} Java installation
[2026/09/12 00:10:02.605, java.exe (PID: 21876, TID: 19996), JavaEnvironment.cpp:302 (`anonymous-namespace'::detectFullVersion)]
	TRACE: Detect full version of {606493F9-D1F1-5355-BB8A-F0E30F1AFFED} Java installation
[2026/09/12 00:10:02.606, java.exe (PID: 21876, TID: 19996), JavaEnvironment.cpp:213 (`anonymous-namespace'::detectFullVersionFromMsi)]
	TRACE: detectFullVersionFromMsi({606493F9-D1F1-5355-BB8A-F0E30F1AFFED})
[2026/09/12 00:10:02.607, java.exe (PID: 21876, TID: 19996), JavaEnvironment.cpp:481 (`anonymous-namespace'::getInstalledJava)]
	TRACE: InstalledJava(13.0.2+8|13.0.2+8|JDK|64bit|C:\Program Files\Java\jdk-13.0.2|{606493F9-D1F1-5355-BB8A-F0E30F1AFFED}|-10|)
[2026/09/12 00:10:02.608, java.exe (PID: 21876, TID: 19996), JavaEnvironment.cpp:519 (JavaEnvironment::detect)]
	TRACE: Installed Java detected: version=; arch=64; productCode={E04E5624-3CF1-5E84-A439-4D8FAAA05C79}; type=1
[2026/09/12 00:10:02.608, java.exe (PID: 21876, TID: 19996), JavaEnvironment.cpp:135 (`anonymous-namespace'::detectHomeDir)]
	TRACE: Find home dir of {E04E5624-3CF1-5E84-A439-4D8FAAA05C79} Java installation
[2026/09/12 00:10:02.608, java.exe (PID: 21876, TID: 19996), JavaEnvironment.cpp:302 (`anonymous-namespace'::detectFullVersion)]
	TRACE: Detect full version of {E04E5624-3CF1-5E84-A439-4D8FAAA05C79} Java installation
[2026/09/12 00:10:02.609, java.exe (PID: 21876, TID: 19996), JavaEnvironment.cpp:213 (`anonymous-namespace'::detectFullVersionFromMsi)]
	TRACE: detectFullVersionFromMsi({E04E5624-3CF1-5E84-A439-4D8FAAA05C79})
[2026/09/12 00:10:02.610, java.exe (PID: 21876, TID: 19996), JavaEnvironment.cpp:481 (`anonymous-namespace'::getInstalledJava)]
	TRACE: InstalledJava(15+36|15+36|JDK|64bit|C:\Program Files\Java\jdk-15|{E04E5624-3CF1-5E84-A439-4D8FAAA05C79}|-10|)
[2026/09/12 00:10:02.611, java.exe (PID: 21876, TID: 19996), JavaEnvironment.cpp:519 (JavaEnvironment::detect)]
	TRACE: Installed Java detected: version=; arch=64; productCode={DA08718E-972A-58E7-AE7E-C45114C82E13}; type=1
[2026/09/12 00:10:02.611, java.exe (PID: 21876, TID: 19996), JavaEnvironment.cpp:135 (`anonymous-namespace'::detectHomeDir)]
	TRACE: Find home dir of {DA08718E-972A-58E7-AE7E-C45114C82E13} Java installation
[2026/09/12 00:10:02.611, java.exe (PID: 21876, TID: 19996), JavaEnvironment.cpp:302 (`anonymous-namespace'::detectFullVersion)]
	TRACE: Detect full version of {DA08718E-972A-58E7-AE7E-C45114C82E13} Java installation
[2026/09/12 00:10:02.611, java.exe (PID: 21876, TID: 19996), JavaEnvironment.cpp:213 (`anonymous-namespace'::detectFullVersionFromMsi)]
	TRACE: detectFullVersionFromMsi({DA08718E-972A-58E7-AE7E-C45114C82E13})
[2026/09/12 00:10:02.613, java.exe (PID: 21876, TID: 19996), JavaEnvironment.cpp:481 (`anonymous-namespace'::getInstalledJava)]
	TRACE: InstalledJava(17.0.12+8|17.0.12+8|JDK|64bit|C:\Program Files\Java\jdk-17|{DA08718E-972A-58E7-AE7E-C45114C82E13}|-10|)
[2026/09/12 00:10:02.614, java.exe (PID: 21876, TID: 19996), JavaEnvironment.cpp:519 (JavaEnvironment::detect)]
	TRACE: Installed Java detected: version=; arch=64; productCode={D2D0311F-1C55-57CC-95CC-F973FA7660D4}; type=1
[2026/09/12 00:10:02.614, java.exe (PID: 21876, TID: 19996), JavaEnvironment.cpp:135 (`anonymous-namespace'::detectHomeDir)]
	TRACE: Find home dir of {D2D0311F-1C55-57CC-95CC-F973FA7660D4} Java installation
[2026/09/12 00:10:02.614, java.exe (PID: 21876, TID: 19996), JavaEnvironment.cpp:302 (`anonymous-namespace'::detectFullVersion)]
	TRACE: Detect full version of {D2D0311F-1C55-57CC-95CC-F973FA7660D4} Java installation
[2026/09/12 00:10:02.615, java.exe (PID: 21876, TID: 19996), JavaEnvironment.cpp:213 (`anonymous-namespace'::detectFullVersionFromMsi)]
	TRACE: detectFullVersionFromMsi({D2D0311F-1C55-57CC-95CC-F973FA7660D4})
[2026/09/12 00:10:02.616, java.exe (PID: 21876, TID: 19996), JavaEnvironment.cpp:481 (`anonymous-namespace'::getInstalledJava)]
	TRACE: InstalledJava(20.0.2+9|20.0.2+9|JDK|64bit|C:\Program Files\Java\jdk-20|{D2D0311F-1C55-57CC-95CC-F973FA7660D4}|-10|)
[2026/09/12 00:10:02.617, java.exe (PID: 21876, TID: 19996), JavaEnvironment.cpp:519 (JavaEnvironment::detect)]
	TRACE: Installed Java detected: version=; arch=64; productCode={75B0E1AE-DC20-5AC0-A358-61B0256DADBE}; type=1
[2026/09/12 00:10:02.617, java.exe (PID: 21876, TID: 19996), JavaEnvironment.cpp:135 (`anonymous-namespace'::detectHomeDir)]
	TRACE: Find home dir of {75B0E1AE-DC20-5AC0-A358-61B0256DADBE} Java installation
[2026/09/12 00:10:02.617, java.exe (PID: 21876, TID: 19996), JavaEnvironment.cpp:302 (`anonymous-namespace'::detectFullVersion)]
	TRACE: Detect full version of {75B0E1AE-DC20-5AC0-A358-61B0256DADBE} Java installation
[2026/09/12 00:10:02.617, java.exe (PID: 21876, TID: 19996), JavaEnvironment.cpp:213 (`anonymous-namespace'::detectFullVersionFromMsi)]
	TRACE: detectFullVersionFromMsi({75B0E1AE-DC20-5AC0-A358-61B0256DADBE})
[2026/09/12 00:10:02.619, java.exe (PID: 21876, TID: 19996), JavaEnvironment.cpp:481 (`anonymous-namespace'::getInstalledJava)]
	TRACE: InstalledJava(21.0.1+12|21.0.1+12|JDK|64bit|C:\Program Files\Java\jdk-21|{75B0E1AE-DC20-5AC0-A358-61B0256DADBE}|-10|)
[2026/09/12 00:10:02.619, java.exe (PID: 21876, TID: 19996), JavaEnvironment.cpp:519 (JavaEnvironment::detect)]
	TRACE: Installed Java detected: version=; arch=64; productCode={1927BA5F-6CD9-5F60-BBB8-B6A654F98621}; type=1
[2026/09/12 00:10:02.620, java.exe (PID: 21876, TID: 19996), JavaEnvironment.cpp:135 (`anonymous-namespace'::detectHomeDir)]
	TRACE: Find home dir of {1927BA5F-6CD9-5F60-BBB8-B6A654F98621} Java installation
[2026/09/12 00:10:02.620, java.exe (PID: 21876, TID: 19996), JavaEnvironment.cpp:302 (`anonymous-namespace'::detectFullVersion)]
	TRACE: Detect full version of {1927BA5F-6CD9-5F60-BBB8-B6A654F98621} Java installation
[2026/09/12 00:10:02.620, java.exe (PID: 21876, TID: 19996), JavaEnvironment.cpp:213 (`anonymous-namespace'::detectFullVersionFromMsi)]
	TRACE: detectFullVersionFromMsi({1927BA5F-6CD9-5F60-BBB8-B6A654F98621})
[2026/09/12 00:10:02.621, java.exe (PID: 21876, TID: 19996), JavaEnvironment.cpp:481 (`anonymous-namespace'::getInstalledJava)]
	TRACE: InstalledJava(24.0.2+12|24.0.2+12|JDK|64bit|C:\Program Files\Java\jdk-24|{1927BA5F-6CD9-5F60-BBB8-B6A654F98621}|-10|)
[2026/09/12 00:10:02.622, java.exe (PID: 21876, TID: 19996), JavaEnvironment.cpp:519 (JavaEnvironment::detect)]
	TRACE: Installed Java detected: version=; arch=64; productCode={F60B1927-3BC4-51C5-A978-B3F712E0CEEB}; type=1
[2026/09/12 00:10:02.622, java.exe (PID: 21876, TID: 19996), JavaEnvironment.cpp:135 (`anonymous-namespace'::detectHomeDir)]
	TRACE: Find home dir of {F60B1927-3BC4-51C5-A978-B3F712E0CEEB} Java installation
[2026/09/12 00:10:02.622, java.exe (PID: 21876, TID: 19996), JavaEnvironment.cpp:302 (`anonymous-namespace'::detectFullVersion)]
	TRACE: Detect full version of {F60B1927-3BC4-51C5-A978-B3F712E0CEEB} Java installation
[2026/09/12 00:10:02.622, java.exe (PID: 21876, TID: 19996), JavaEnvironment.cpp:213 (`anonymous-namespace'::detectFullVersionFromMsi)]
	TRACE: detectFullVersionFromMsi({F60B1927-3BC4-51C5-A978-B3F712E0CEEB})
[2026/09/12 00:10:02.624, java.exe (PID: 21876, TID: 19996), JavaEnvironment.cpp:481 (`anonymous-namespace'::getInstalledJava)]
	TRACE: InstalledJava(25.0.4+7|25.0.4+7|JDK|64bit|C:\Program Files\Java\jdk-25.0.4|{F60B1927-3BC4-51C5-A978-B3F712E0CEEB}|-10|)
[2026/09/12 00:10:02.626, java.exe (PID: 21876, TID: 19996), JavaEnvironment.cpp:0 (JavaEnvironment::detect)]
	TRACE: Exiting JavaEnvironment::detect (entered at JavaEnvironment.cpp:502)
[2026/09/12 00:10:02.634, java.exe (PID: 21876, TID: 19996), Executor.cpp:706 (Executor2::startProcess)]
	TRACE: CreateProcess(C:\Program Files\Java\jdk-25.0.4\bin\java.exe, "C:\Program Files\Java\jdk-25.0.4\bin\java.exe" -version) succeeded; PID=12776
[2026/09/12 00:10:02.688, java.exe (PID: 21876, TID: 19996), Executor.cpp:667 (Executor2::execAndWait)]
	TRACE: Process with PID=12776 terminated. Exit code=0
[2026/09/12 00:10:02.710, java.exe (PID: 5436, TID: 24016), JavaEnvironment.cpp:502 (JavaEnvironment::detect)]
	TRACE: Entering JavaEnvironment::detect
[2026/09/12 00:10:02.719, java.exe (PID: 5436, TID: 24016), JavaEnvironment.cpp:519 (JavaEnvironment::detect)]
	TRACE: Installed Java detected: version=1.8.0_401; arch=32; productCode={71024AE4-039E-4CA4-87B4-2F32180401F0}; type=0
[2026/09/12 00:10:02.720, java.exe (PID: 5436, TID: 24016), JavaEnvironment.cpp:519 (JavaEnvironment::detect)]
	TRACE: Installed Java detected: version=1.8.0_431; arch=64; productCode={71024AE4-039E-4CA4-87B4-2F64180431F0}; type=0
[2026/09/12 00:10:02.720, java.exe (PID: 5436, TID: 24016), JavaEnvironment.cpp:519 (JavaEnvironment::detect)]
	TRACE: Installed Java detected: version=1.8.0_231; arch=64; productCode={26A24AE4-039D-4CA4-87B4-2F64180231F0}; type=0
[2026/09/12 00:10:02.720, java.exe (PID: 5436, TID: 24016), JavaEnvironment.cpp:519 (JavaEnvironment::detect)]
	TRACE: Installed Java detected: version=1.8.0; arch=64; productCode={64A3A4F4-B792-11D6-A78A-00B0D0180191}; type=1
[2026/09/12 00:10:02.721, java.exe (PID: 5436, TID: 24016), JavaEnvironment.cpp:135 (`anonymous-namespace'::detectHomeDir)]
	TRACE: Find home dir of {64A3A4F4-B792-11D6-A78A-00B0D0180191} Java installation
[2026/09/12 00:10:02.721, java.exe (PID: 5436, TID: 24016), JavaEnvironment.cpp:302 (`anonymous-namespace'::detectFullVersion)]
	TRACE: Detect full version of {64A3A4F4-B792-11D6-A78A-00B0D0180191} Java installation
[2026/09/12 00:10:02.721, java.exe (PID: 5436, TID: 24016), JavaEnvironment.cpp:213 (`anonymous-namespace'::detectFullVersionFromMsi)]
	TRACE: detectFullVersionFromMsi({64A3A4F4-B792-11D6-A78A-00B0D0180191})
[2026/09/12 00:10:02.726, java.exe (PID: 5436, TID: 24016), JavaEnvironment.cpp:481 (`anonymous-namespace'::getInstalledJava)]
	TRACE: InstalledJava(1.8.0_191-b12|1.8.0_191-b12|JDK|64bit|C:\Program Files\Java\jdk1.8.0_191|{64A3A4F4-B792-11D6-A78A-00B0D0180191}|-10|)
[2026/09/12 00:10:02.748, java.exe (PID: 5436, TID: 24016), JavaEnvironment.cpp:519 (JavaEnvironment::detect)]
	TRACE: Installed Java detected: version=; arch=64; productCode={EA8EE85F-62FC-5C6C-A8C7-3D00FCEF5674}; type=1
[2026/09/12 00:10:02.748, java.exe (PID: 5436, TID: 24016), JavaEnvironment.cpp:135 (`anonymous-namespace'::detectHomeDir)]
	TRACE: Find home dir of {EA8EE85F-62FC-5C6C-A8C7-3D00FCEF5674} Java installation
[2026/09/12 00:10:02.749, java.exe (PID: 5436, TID: 24016), JavaEnvironment.cpp:302 (`anonymous-namespace'::detectFullVersion)]
	TRACE: Detect full version of {EA8EE85F-62FC-5C6C-A8C7-3D00FCEF5674} Java installation
[2026/09/12 00:10:02.749, java.exe (PID: 5436, TID: 24016), JavaEnvironment.cpp:213 (`anonymous-namespace'::detectFullVersionFromMsi)]
	TRACE: detectFullVersionFromMsi({EA8EE85F-62FC-5C6C-A8C7-3D00FCEF5674})
[2026/09/12 00:10:02.752, java.exe (PID: 5436, TID: 24016), JavaEnvironment.cpp:481 (`anonymous-namespace'::getInstalledJava)]
	TRACE: InstalledJava(11.0.28+12|11.0.28+12|JDK|64bit|C:\Program Files\Java\jdk-11|{EA8EE85F-62FC-5C6C-A8C7-3D00FCEF5674}|-10|)
[2026/09/12 00:10:02.752, java.exe (PID: 5436, TID: 24016), JavaEnvironment.cpp:519 (JavaEnvironment::detect)]
	TRACE: Installed Java detected: version=; arch=64; productCode={606493F9-D1F1-5355-BB8A-F0E30F1AFFED}; type=1
[2026/09/12 00:10:02.753, java.exe (PID: 5436, TID: 24016), JavaEnvironment.cpp:135 (`anonymous-namespace'::detectHomeDir)]
	TRACE: Find home dir of {606493F9-D1F1-5355-BB8A-F0E30F1AFFED} Java installation
[2026/09/12 00:10:02.753, java.exe (PID: 5436, TID: 24016), JavaEnvironment.cpp:302 (`anonymous-namespace'::detectFullVersion)]
	TRACE: Detect full version of {606493F9-D1F1-5355-BB8A-F0E30F1AFFED} Java installation
[2026/09/12 00:10:02.753, java.exe (PID: 5436, TID: 24016), JavaEnvironment.cpp:213 (`anonymous-namespace'::detectFullVersionFromMsi)]
	TRACE: detectFullVersionFromMsi({606493F9-D1F1-5355-BB8A-F0E30F1AFFED})
[2026/09/12 00:10:02.756, java.exe (PID: 5436, TID: 24016), JavaEnvironment.cpp:481 (`anonymous-namespace'::getInstalledJava)]
	TRACE: InstalledJava(13.0.2+8|13.0.2+8|JDK|64bit|C:\Program Files\Java\jdk-13.0.2|{606493F9-D1F1-5355-BB8A-F0E30F1AFFED}|-10|)
[2026/09/12 00:10:02.757, java.exe (PID: 5436, TID: 24016), JavaEnvironment.cpp:519 (JavaEnvironment::detect)]
	TRACE: Installed Java detected: version=; arch=64; productCode={E04E5624-3CF1-5E84-A439-4D8FAAA05C79}; type=1
[2026/09/12 00:10:02.757, java.exe (PID: 5436, TID: 24016), JavaEnvironment.cpp:135 (`anonymous-namespace'::detectHomeDir)]
	TRACE: Find home dir of {E04E5624-3CF1-5E84-A439-4D8FAAA05C79} Java installation
[2026/09/12 00:10:02.758, java.exe (PID: 5436, TID: 24016), JavaEnvironment.cpp:302 (`anonymous-namespace'::detectFullVersion)]
	TRACE: Detect full version of {E04E5624-3CF1-5E84-A439-4D8FAAA05C79} Java installation
[2026/09/12 00:10:02.758, java.exe (PID: 5436, TID: 24016), JavaEnvironment.cpp:213 (`anonymous-namespace'::detectFullVersionFromMsi)]
	TRACE: detectFullVersionFromMsi({E04E5624-3CF1-5E84-A439-4D8FAAA05C79})
[2026/09/12 00:10:02.760, java.exe (PID: 5436, TID: 24016), JavaEnvironment.cpp:481 (`anonymous-namespace'::getInstalledJava)]
	TRACE: InstalledJava(15+36|15+36|JDK|64bit|C:\Program Files\Java\jdk-15|{E04E5624-3CF1-5E84-A439-4D8FAAA05C79}|-10|)
[2026/09/12 00:10:02.761, java.exe (PID: 5436, TID: 24016), JavaEnvironment.cpp:519 (JavaEnvironment::detect)]
	TRACE: Installed Java detected: version=; arch=64; productCode={DA08718E-972A-58E7-AE7E-C45114C82E13}; type=1
[2026/09/12 00:10:02.761, java.exe (PID: 5436, TID: 24016), JavaEnvironment.cpp:135 (`anonymous-namespace'::detectHomeDir)]
	TRACE: Find home dir of {DA08718E-972A-58E7-AE7E-C45114C82E13} Java installation
[2026/09/12 00:10:02.761, java.exe (PID: 5436, TID: 24016), JavaEnvironment.cpp:302 (`anonymous-namespace'::detectFullVersion)]
	TRACE: Detect full version of {DA08718E-972A-58E7-AE7E-C45114C82E13} Java installation
[2026/09/12 00:10:02.761, java.exe (PID: 5436, TID: 24016), JavaEnvironment.cpp:213 (`anonymous-namespace'::detectFullVersionFromMsi)]
	TRACE: detectFullVersionFromMsi({DA08718E-972A-58E7-AE7E-C45114C82E13})
[2026/09/12 00:10:02.763, java.exe (PID: 5436, TID: 24016), JavaEnvironment.cpp:481 (`anonymous-namespace'::getInstalledJava)]
	TRACE: InstalledJava(17.0.12+8|17.0.12+8|JDK|64bit|C:\Program Files\Java\jdk-17|{DA08718E-972A-58E7-AE7E-C45114C82E13}|-10|)
[2026/09/12 00:10:02.764, java.exe (PID: 5436, TID: 24016), JavaEnvironment.cpp:519 (JavaEnvironment::detect)]
	TRACE: Installed Java detected: version=; arch=64; productCode={D2D0311F-1C55-57CC-95CC-F973FA7660D4}; type=1
[2026/09/12 00:10:02.764, java.exe (PID: 5436, TID: 24016), JavaEnvironment.cpp:135 (`anonymous-namespace'::detectHomeDir)]
	TRACE: Find home dir of {D2D0311F-1C55-57CC-95CC-F973FA7660D4} Java installation
[2026/09/12 00:10:02.765, java.exe (PID: 5436, TID: 24016), JavaEnvironment.cpp:302 (`anonymous-namespace'::detectFullVersion)]
	TRACE: Detect full version of {D2D0311F-1C55-57CC-95CC-F973FA7660D4} Java installation
[2026/09/12 00:10:02.765, java.exe (PID: 5436, TID: 24016), JavaEnvironment.cpp:213 (`anonymous-namespace'::detectFullVersionFromMsi)]
	TRACE: detectFullVersionFromMsi({D2D0311F-1C55-57CC-95CC-F973FA7660D4})
[2026/09/12 00:10:02.767, java.exe (PID: 5436, TID: 24016), JavaEnvironment.cpp:481 (`anonymous-namespace'::getInstalledJava)]
	TRACE: InstalledJava(20.0.2+9|20.0.2+9|JDK|64bit|C:\Program Files\Java\jdk-20|{D2D0311F-1C55-57CC-95CC-F973FA7660D4}|-10|)
[2026/09/12 00:10:02.767, java.exe (PID: 5436, TID: 24016), JavaEnvironment.cpp:519 (JavaEnvironment::detect)]
	TRACE: Installed Java detected: version=; arch=64; productCode={75B0E1AE-DC20-5AC0-A358-61B0256DADBE}; type=1
[2026/09/12 00:10:02.767, java.exe (PID: 5436, TID: 24016), JavaEnvironment.cpp:135 (`anonymous-namespace'::detectHomeDir)]
	TRACE: Find home dir of {75B0E1AE-DC20-5AC0-A358-61B0256DADBE} Java installation
[2026/09/12 00:10:02.767, java.exe (PID: 5436, TID: 24016), JavaEnvironment.cpp:302 (`anonymous-namespace'::detectFullVersion)]
	TRACE: Detect full version of {75B0E1AE-DC20-5AC0-A358-61B0256DADBE} Java installation
[2026/09/12 00:10:02.767, java.exe (PID: 5436, TID: 24016), JavaEnvironment.cpp:213 (`anonymous-namespace'::detectFullVersionFromMsi)]
	TRACE: detectFullVersionFromMsi({75B0E1AE-DC20-5AC0-A358-61B0256DADBE})
[2026/09/12 00:10:02.769, java.exe (PID: 5436, TID: 24016), JavaEnvironment.cpp:481 (`anonymous-namespace'::getInstalledJava)]
	TRACE: InstalledJava(21.0.1+12|21.0.1+12|JDK|64bit|C:\Program Files\Java\jdk-21|{75B0E1AE-DC20-5AC0-A358-61B0256DADBE}|-10|)
[2026/09/12 00:10:02.769, java.exe (PID: 5436, TID: 24016), JavaEnvironment.cpp:519 (JavaEnvironment::detect)]
	TRACE: Installed Java detected: version=; arch=64; productCode={1927BA5F-6CD9-5F60-BBB8-B6A654F98621}; type=1
[2026/09/12 00:10:02.770, java.exe (PID: 5436, TID: 24016), JavaEnvironment.cpp:135 (`anonymous-namespace'::detectHomeDir)]
	TRACE: Find home dir of {1927BA5F-6CD9-5F60-BBB8-B6A654F98621} Java installation
[2026/09/12 00:10:02.770, java.exe (PID: 5436, TID: 24016), JavaEnvironment.cpp:302 (`anonymous-namespace'::detectFullVersion)]
	TRACE: Detect full version of {1927BA5F-6CD9-5F60-BBB8-B6A654F98621} Java installation
[2026/09/12 00:10:02.770, java.exe (PID: 5436, TID: 24016), JavaEnvironment.cpp:213 (`anonymous-namespace'::detectFullVersionFromMsi)]
	TRACE: detectFullVersionFromMsi({1927BA5F-6CD9-5F60-BBB8-B6A654F98621})
[2026/09/12 00:10:02.772, java.exe (PID: 5436, TID: 24016), JavaEnvironment.cpp:481 (`anonymous-namespace'::getInstalledJava)]
	TRACE: InstalledJava(24.0.2+12|24.0.2+12|JDK|64bit|C:\Program Files\Java\jdk-24|{1927BA5F-6CD9-5F60-BBB8-B6A654F98621}|-10|)
[2026/09/12 00:10:02.772, java.exe (PID: 5436, TID: 24016), JavaEnvironment.cpp:519 (JavaEnvironment::detect)]
	TRACE: Installed Java detected: version=; arch=64; productCode={F60B1927-3BC4-51C5-A978-B3F712E0CEEB}; type=1
[2026/09/12 00:10:02.772, java.exe (PID: 5436, TID: 24016), JavaEnvironment.cpp:135 (`anonymous-namespace'::detectHomeDir)]
	TRACE: Find home dir of {F60B1927-3BC4-51C5-A978-B3F712E0CEEB} Java installation
[2026/09/12 00:10:02.772, java.exe (PID: 5436, TID: 24016), JavaEnvironment.cpp:302 (`anonymous-namespace'::detectFullVersion)]
	TRACE: Detect full version of {F60B1927-3BC4-51C5-A978-B3F712E0CEEB} Java installation
[2026/09/12 00:10:02.773, java.exe (PID: 5436, TID: 24016), JavaEnvironment.cpp:213 (`anonymous-namespace'::detectFullVersionFromMsi)]
	TRACE: detectFullVersionFromMsi({F60B1927-3BC4-51C5-A978-B3F712E0CEEB})
[2026/09/12 00:10:02.774, java.exe (PID: 5436, TID: 24016), JavaEnvironment.cpp:481 (`anonymous-namespace'::getInstalledJava)]
	TRACE: InstalledJava(25.0.4+7|25.0.4+7|JDK|64bit|C:\Program Files\Java\jdk-25.0.4|{F60B1927-3BC4-51C5-A978-B3F712E0CEEB}|-10|)
[2026/09/12 00:10:02.776, java.exe (PID: 5436, TID: 24016), JavaEnvironment.cpp:0 (JavaEnvironment::detect)]
	TRACE: Exiting JavaEnvironment::detect (entered at JavaEnvironment.cpp:502)
[2026/09/12 00:10:02.785, java.exe (PID: 5436, TID: 24016), Executor.cpp:706 (Executor2::startProcess)]
	TRACE: CreateProcess(C:\Program Files\Java\jdk-25.0.4\bin\java.exe, "C:\Program Files\Java\jdk-25.0.4\bin\java.exe" -Xmx64m -Xms64m -Dorg.gradle.appname=gradlew -jar C:\Users\alp\Desktop\Latitude-1.20.1-build\\gradle\wrapper\gradle-wrapper.jar "-Dorg.gradle.java.home=C:/Program Files/Java/jdk-17" clean test --tests com.example.globe.world.LatitudeJjThunderHybridContractTest build packageLatitudeJjThunderHybrid --no-daemon) succeeded; PID=1996
[2026/09/12 00:10:33.449, java.exe (PID: 5436, TID: 24016), Executor.cpp:667 (Executor2::execAndWait)]
	TRACE: Process with PID=1996 terminated. Exit code=0
